"","site_code","op_code","date","day","month","year","bruv","subclass","family.x","genus.x","species.x","sp_code","common","max_n","MPA","site_full","geog","type"
"1","PERC","PERC_23Jul19_bruv1",2019-07-23,23,7,2019,"1","Actinopterygii","Atherinopsidae","Atherinops","affinis","ATAF","Topsmelt",4,1,"Percos",3,"MPA"
"2","PERC","PERC_23Jul19_bruv1",2019-07-23,23,7,2019,"1","Invertebrate","Cancridae","Cancer","","CANC","Crab",1,1,"Percos",3,"MPA"
"3","PERC","PERC_23Jul19_bruv1",2019-07-23,23,7,2019,"1","Elasmobranchii","Myliobatidae","Myliobatis","californica","MYCA","Bat ray",1,1,"Percos",3,"MPA"
"4","PERC","PERC_23Jul19_bruv1",2019-07-23,23,7,2019,"1","Actinopterygii","Paralichthyidae","Citharichthys","sordidus","CISO","Pacific sanddab",1,1,"Percos",3,"MPA"
"5","PERC","PERC_23Jul19_bruv1",2019-07-23,23,7,2019,"1","Actinopterygii","Paralichthyidae","Citharichthys","stigmaeus","CIST","Speckled sanddab",7,1,"Percos",3,"MPA"
"6","PERC","PERC_23Jul19_bruv1",2019-07-23,23,7,2019,"1","Mammalia","Phocidae","Phoca","vitulina","PHVI","Harbor seal",1,1,"Percos",3,"MPA"
"7","PERC","PERC_23Jul19_bruv1",2019-07-23,23,7,2019,"1","Elasmobranchii","Platyrhinidae","Platyrhinoidis","triserata","PLTR","Thornback guitarfish",1,1,"Percos",3,"MPA"
"8","PERC","PERC_23Jul19_bruv3",2019-07-23,23,7,2019,"3","Actinopterygii","Atherinopsidae","Atherinops","affinis","ATAF","Topsmelt",2,1,"Percos",3,"MPA"
"9","PERC","PERC_23Jul19_bruv3",2019-07-23,23,7,2019,"3","Invertebrate","Blepharipodidae","Blepharipoda","occidentalis","BLOC","Spiny sand crab",4,1,"Percos",3,"MPA"
"10","PERC","PERC_23Jul19_bruv3",2019-07-23,23,7,2019,"3","Invertebrate","Cancridae","Cancer","","CANC","Crab",8,1,"Percos",3,"MPA"
"11","PERC","PERC_23Jul19_bruv3",2019-07-23,23,7,2019,"3","Invertebrate","Nassariidae","Nassarius","","NASS","Nassa mud snail",4,1,"Percos",3,"MPA"
"12","PERC","PERC_23Jul19_bruv3",2019-07-23,23,7,2019,"3","Actinopterygii","Paralichthyidae","Citharichthys","stigmaeus","CIST","Speckled sanddab",6,1,"Percos",3,"MPA"
"13","PERC","PERC_23Jul19_bruv3",2019-07-23,23,7,2019,"3","Elasmobranchii","Platyrhinidae","Platyrhinoidis","triserata","PLTR","Thornback guitarfish",1,1,"Percos",3,"MPA"
"14","PERC","PERC_23Jul19_bruv3",2019-07-23,23,7,2019,"3","Elasmobranchii","Rhinobatidae","Rhinobatos","productus","RHPR","Shovelnose guitarfish",1,1,"Percos",3,"MPA"
"15","PERC","PERC_23Jul19_bruv6",2019-07-23,23,7,2019,"6","Invertebrate","Blepharipodidae","Blepharipoda","occidentalis","BLOC","Spiny sand crab",1,1,"Percos",3,"MPA"
"16","PERC","PERC_23Jul19_bruv6",2019-07-23,23,7,2019,"6","Invertebrate","Cancridae","Cancer","","CANC","Crab",4,1,"Percos",3,"MPA"
"17","PERC","PERC_23Jul19_bruv6",2019-07-23,23,7,2019,"6",NA,"Paralichthyidae","","",NA,NA,1,1,"Percos",3,"MPA"
"18","PERC","PERC_23Jul19_bruv6",2019-07-23,23,7,2019,"6","Actinopterygii","Paralichthyidae","Citharichthys","stigmaeus","CIST","Speckled sanddab",7,1,"Percos",3,"MPA"
"19","PERC","PERC_23Jul19_bruv6",2019-07-23,23,7,2019,"6","Elasmobranchii","Rhinobatidae","Rhinobatos","productus","RHPR","Shovelnose guitarfish",1,1,"Percos",3,"MPA"
"20","PERC","PERC_04Sep19_bruv1",2019-09-04,4,9,2019,"1","Invertebrate","Blepharipodidae","Blepharipoda","occidentalis","BLOC","Spiny sand crab",12,1,"Percos",3,"MPA"
"21","PERC","PERC_04Sep19_bruv1",2019-09-04,4,9,2019,"1",NA,"Cancridae","Cancer","sp",NA,NA,4,1,"Percos",3,"MPA"
"22","PERC","PERC_04Sep19_bruv1",2019-09-04,4,9,2019,"1","Elasmobranchii","Myliobatidae","Myliobatis","californica","MYCA","Bat ray",1,1,"Percos",3,"MPA"
"23","PERC","PERC_04Sep19_bruv1",2019-09-04,4,9,2019,"1","Actinopterygii","Paralichthyidae","Citharichthys","stigmaeus","CIST","Speckled sanddab",3,1,"Percos",3,"MPA"
"24","PERC","PERC_04Sep19_bruv1",2019-09-04,4,9,2019,"1","Actinopterygii","Paralichthyidae","Paralichthys","californicus","PACA","California halibut",1,1,"Percos",3,"MPA"
"25","PERC","PERC_04Sep19_bruv1",2019-09-04,4,9,2019,"1","Elasmobranchii","Platyrhinidae","Platyrhinoidis","triserata","PLTR","Thornback guitarfish",2,1,"Percos",3,"MPA"
"26","PERC","PERC_04Sep19_bruv1",2019-09-04,4,9,2019,"1","Elasmobranchii","Triakidae","Triakis","semifasciata","TRSE","Leopard shark",1,1,"Percos",3,"MPA"
"27","PERC","PERC_04Sep19_bruv3",2019-09-04,4,9,2019,"3",NA,"Cancridae","Cancer","sp",NA,NA,2,1,"Percos",3,"MPA"
"28","PERC","PERC_04Sep19_bruv3",2019-09-04,4,9,2019,"3","Actinopterygii","Embiotocidae","Amphistichus","argenteus","AMAR","Barred surfperch",2,1,"Percos",3,"MPA"
"29","PERC","PERC_04Sep19_bruv3",2019-09-04,4,9,2019,"3","Actinopterygii","Paralichthyidae","Citharichthys","stigmaeus","CIST","Speckled sanddab",3,1,"Percos",3,"MPA"
"30","PERC","PERC_04Sep19_bruv3",2019-09-04,4,9,2019,"3","Elasmobranchii","Rhinobatidae","Rhinobatos","productus","RHPR","Shovelnose guitarfish",1,1,"Percos",3,"MPA"
"31","PERC","PERC_04Sep19_bruv6",2019-09-04,4,9,2019,"6",NA,"Embiotocidae","","",NA,NA,1,1,"Percos",3,"MPA"
"32","PERC","PERC_04Sep19_bruv6",2019-09-04,4,9,2019,"6","Actinopterygii","Embiotocidae","Amphistichus","argenteus","AMAR","Barred surfperch",12,1,"Percos",3,"MPA"
"33","PERC","PERC_04Sep19_bruv6",2019-09-04,4,9,2019,"6",NA,"Embiotocidae","Amphistichus","sp",NA,NA,4,1,"Percos",3,"MPA"
"34","PERC","PERC_04Sep19_bruv6",2019-09-04,4,9,2019,"6","Elasmobranchii","Platyrhinidae","Platyrhinoidis","triserata","PLTR","Thornback guitarfish",2,1,"Percos",3,"MPA"
"35","PERC","PERC_04Sep19_bruv6",2019-09-04,4,9,2019,"6","Elasmobranchii","Rhinobatidae","Rhinobatos","productus","RHPR","Shovelnose guitarfish",2,1,"Percos",3,"MPA"
"36","PERC","PERC_04Sep19_bruv6",2019-09-04,4,9,2019,"6","Actinopterygii","Sciaenidae","Menticirrhus","undulatus","MEUN","California corbina",5,1,"Percos",3,"MPA"
"37","PERC","PERC_04Sep19_bruv6",2019-09-04,4,9,2019,"6","Elasmobranchii","Triakidae","Triakis","semifasciata","TRSE","Leopard shark",1,1,"Percos",3,"MPA"
"38","PERC","PERC_13Oct19_bruv1",2019-10-13,13,10,2019,"1","Actinopterygii","Atherinopsidae","Atherinops","affinis","ATAF","Topsmelt",3,1,"Percos",3,"MPA"
"39","PERC","PERC_13Oct19_bruv1",2019-10-13,13,10,2019,"1",NA,"Cancridae","Cancer","sp",NA,NA,8,1,"Percos",3,"MPA"
"40","PERC","PERC_13Oct19_bruv1",2019-10-13,13,10,2019,"1",NA,"Nassariidae","Nassarius","sp",NA,NA,4,1,"Percos",3,"MPA"
"41","PERC","PERC_13Oct19_bruv1",2019-10-13,13,10,2019,"1","Actinopterygii","Paralichthyidae","Citharichthys","stigmaeus","CIST","Speckled sanddab",2,1,"Percos",3,"MPA"
"42","PERC","PERC_13Oct19_bruv3",2019-10-13,13,10,2019,"3",NA,"Cancridae","Cancer","sp",NA,NA,3,1,"Percos",3,"MPA"
"43","PERC","PERC_13Oct19_bruv3",2019-10-13,13,10,2019,"3","Actinopterygii","Embiotocidae","Amphistichus","argenteus","AMAR","Barred surfperch",46,1,"Percos",3,"MPA"
"44","PERC","PERC_13Oct19_bruv3",2019-10-13,13,10,2019,"3",NA,"Nassariidae","Nassarius","sp",NA,NA,2,1,"Percos",3,"MPA"
"45","PERC","PERC_13Oct19_bruv3",2019-10-13,13,10,2019,"3","Invertebrate","Olividae","Callianax","biplicata","CABI","Purple olive shell",1,1,"Percos",3,"MPA"
"46","PERC","PERC_13Oct19_bruv3",2019-10-13,13,10,2019,"3","Actinopterygii","Paralichthyidae","Citharichthys","stigmaeus","CIST","Speckled sanddab",2,1,"Percos",3,"MPA"
"47","PERC","PERC_13Oct19_bruv6",2019-10-13,13,10,2019,"6",NA,"Embiotocidae","","",NA,NA,1,1,"Percos",3,"MPA"
"48","PERC","PERC_13Oct19_bruv6",2019-10-13,13,10,2019,"6",NA,"Embiotocidae","Amphistichus","",NA,NA,6,1,"Percos",3,"MPA"
"49","PERC","PERC_13Oct19_bruv6",2019-10-13,13,10,2019,"6","Actinopterygii","Embiotocidae","Amphistichus","argenteus","AMAR","Barred surfperch",5,1,"Percos",3,"MPA"
"50","PERC","PERC_13Oct19_bruv6",2019-10-13,13,10,2019,"6","Actinopterygii","Embiotocidae","Amphistichus","koelzi","AMKO","Calico surfperch",2,1,"Percos",3,"MPA"
"51","PERC","PERC_13Oct19_bruv6",2019-10-13,13,10,2019,"6","Actinopterygii","Embiotocidae","Hyperprosopon","argenteum","HYAR","Walleye surfperch",145,1,"Percos",3,"MPA"
"52","PERC","PERC_13Oct19_bruv6",2019-10-13,13,10,2019,"6","Elasmobranchii","Myliobatidae","Myliobatis","californica","MYCA","Bat ray",1,1,"Percos",3,"MPA"
"53","PERC","PERC_13Oct19_bruv6",2019-10-13,13,10,2019,"6","Actinopterygii","Paralichthyidae","Citharichthys","stigmaeus","CIST","Speckled sanddab",4,1,"Percos",3,"MPA"
"54","PERC","PERC_13Oct19_bruv6",2019-10-13,13,10,2019,"6","Elasmobranchii","Rhinobatidae","Rhinobatos","productus","RHPR","Shovelnose guitarfish",2,1,"Percos",3,"MPA"
"55","REFU","REFU_22Jul19_bruv1",2019-07-22,22,7,2019,"1","Actinopterygii","Atherinopsidae","Atherinops","affinis","ATAF","Topsmelt",5,0,"Refugio",4,"Reference"
"56","REFU","REFU_22Jul19_bruv1",2019-07-22,22,7,2019,"1","Invertebrate","Cancridae","Cancer","","CANC","Crab",1,0,"Refugio",4,"Reference"
"57","REFU","REFU_22Jul19_bruv1",2019-07-22,22,7,2019,"1","Invertebrate","Olividae","Callianax","biplicata","CABI","Purple olive shell",5,0,"Refugio",4,"Reference"
"58","REFU","REFU_22Jul19_bruv1",2019-07-22,22,7,2019,"1",NA,"Paralichthyidae","","",NA,NA,1,0,"Refugio",4,"Reference"
"59","REFU","REFU_22Jul19_bruv1",2019-07-22,22,7,2019,"1","Actinopterygii","Paralichthyidae","Citharichthys","stigmaeus","CIST","Speckled sanddab",2,0,"Refugio",4,"Reference"
"60","REFU","REFU_22Jul19_bruv1",2019-07-22,22,7,2019,"1","Elasmobranchii","Platyrhinidae","Platyrhinoidis","triserata","PLTR","Thornback guitarfish",1,0,"Refugio",4,"Reference"
"61","REFU","REFU_22Jul19_bruv3",2019-07-22,22,7,2019,"3","Actinopterygii","Atherinopsidae","Atherinops","affinis","ATAF","Topsmelt",1,0,"Refugio",4,"Reference"
"62","REFU","REFU_22Jul19_bruv3",2019-07-22,22,7,2019,"3","Invertebrate","Cancridae","Cancer","","CANC","Crab",2,0,"Refugio",4,"Reference"
"63","REFU","REFU_22Jul19_bruv3",2019-07-22,22,7,2019,"3","Actinopterygii","Embiotocidae","Cymatogaster","aggregata","CAGG","Shiner perch",1,0,"Refugio",4,"Reference"
"64","REFU","REFU_22Jul19_bruv3",2019-07-22,22,7,2019,"3","Invertebrate","Olividae","Callianax","biplicata","CABI","Purple olive shell",2,0,"Refugio",4,"Reference"
"65","REFU","REFU_22Jul19_bruv3",2019-07-22,22,7,2019,"3","Actinopterygii","Paralichthyidae","Citharichthys","stigmaeus","CIST","Speckled sanddab",2,0,"Refugio",4,"Reference"
"66","REFU","REFU_22Jul19_bruv3",2019-07-22,22,7,2019,"3","Elasmobranchii","Platyrhinidae","Platyrhinoidis","triserata","PLTR","Thornback guitarfish",2,0,"Refugio",4,"Reference"
"67","REFU","REFU_22Jul19_bruv6",2019-07-22,22,7,2019,"6","Actinopterygii","Atherinopsidae","","","ATHE","Unknown Silverside",1,0,"Refugio",4,"Reference"
"68","REFU","REFU_22Jul19_bruv6",2019-07-22,22,7,2019,"6","Invertebrate","Blepharipodidae","Blepharipoda","occidentalis","BLOC","Spiny sand crab",1,0,"Refugio",4,"Reference"
"69","REFU","REFU_22Jul19_bruv6",2019-07-22,22,7,2019,"6","Invertebrate","Olividae","Callianax","biplicata","CABI","Purple olive shell",2,0,"Refugio",4,"Reference"
"70","REFU","REFU_22Jul19_bruv6",2019-07-22,22,7,2019,"6",NA,"Paralichthyidae","","",NA,NA,1,0,"Refugio",4,"Reference"
"71","REFU","REFU_22Jul19_bruv6",2019-07-22,22,7,2019,"6","Actinopterygii","Paralichthyidae","Citharichthys","stigmaeus","CIST","Speckled sanddab",1,0,"Refugio",4,"Reference"
"72","REFU","REFU_22Jul19_bruv6",2019-07-22,22,7,2019,"6","Elasmobranchii","Platyrhinidae","Platyrhinoidis","triserata","PLTR","Thornback guitarfish",2,0,"Refugio",4,"Reference"
"73","REFU","REFU_05Sep19_bruv1",2019-09-05,5,9,2019,"1","Actinopterygii","Atherinopsidae","","","ATHE","Unknown Silverside",2,0,"Refugio",4,"Reference"
"74","REFU","REFU_05Sep19_bruv1",2019-09-05,5,9,2019,"1",NA,"Embiotocidae","","",NA,NA,1,0,"Refugio",4,"Reference"
"75","REFU","REFU_05Sep19_bruv1",2019-09-05,5,9,2019,"1","Actinopterygii","Embiotocidae","Amphistichus","argenteus","AMAR","Barred surfperch",2,0,"Refugio",4,"Reference"
"76","REFU","REFU_05Sep19_bruv1",2019-09-05,5,9,2019,"1","Actinopterygii","Embiotocidae","Hyperprosopon","argenteum","HYAR","Walleye surfperch",1,0,"Refugio",4,"Reference"
"77","REFU","REFU_05Sep19_bruv1",2019-09-05,5,9,2019,"1","Actinopterygii","Embiotocidae","Hyperprosopon","ellipticum","HYEL","Silver surfperch",18,0,"Refugio",4,"Reference"
"78","REFU","REFU_05Sep19_bruv1",2019-09-05,5,9,2019,"1","Elasmobranchii","Myliobatidae","Myliobatis","californica","MYCA","Bat ray",1,0,"Refugio",4,"Reference"
"79","REFU","REFU_05Sep19_bruv1",2019-09-05,5,9,2019,"1","Actinopterygii","Paralichthyidae","Citharichthys","stigmaeus","CIST","Speckled sanddab",1,0,"Refugio",4,"Reference"
"80","REFU","REFU_05Sep19_bruv1",2019-09-05,5,9,2019,"1","Elasmobranchii","Rhinobatidae","Rhinobatos","productus","RHPR","Shovelnose guitarfish",1,0,"Refugio",4,"Reference"
"81","REFU","REFU_05Sep19_bruv3",2019-09-05,5,9,2019,"3","Actinopterygii","Atherinopsidae","","","ATHE","Unknown Silverside",1,0,"Refugio",4,"Reference"
"82","REFU","REFU_05Sep19_bruv3",2019-09-05,5,9,2019,"3","Actinopterygii","Embiotocidae","Amphistichus","argenteus","AMAR","Barred surfperch",1,0,"Refugio",4,"Reference"
"83","REFU","REFU_05Sep19_bruv3",2019-09-05,5,9,2019,"3","Actinopterygii","Embiotocidae","Hyperprosopon","argenteum","HYAR","Walleye surfperch",10,0,"Refugio",4,"Reference"
"84","REFU","REFU_05Sep19_bruv3",2019-09-05,5,9,2019,"3",NA,"Paralichthyidae","","",NA,NA,1,0,"Refugio",4,"Reference"
"85","REFU","REFU_05Sep19_bruv3",2019-09-05,5,9,2019,"3","Actinopterygii","Paralichthyidae","Citharichthys","stigmaeus","CIST","Speckled sanddab",1,0,"Refugio",4,"Reference"
"86","REFU","REFU_05Sep19_bruv3",2019-09-05,5,9,2019,"3","Elasmobranchii","Rhinobatidae","Rhinobatos","productus","RHPR","Shovelnose guitarfish",1,0,"Refugio",4,"Reference"
"87","REFU","REFU_05Sep19_bruv6",2019-09-05,5,9,2019,"6","Actinopterygii","Atherinopsidae","","","ATHE","Unknown Silverside",2,0,"Refugio",4,"Reference"
"88","REFU","REFU_05Sep19_bruv6",2019-09-05,5,9,2019,"6","Actinopterygii","Atherinopsidae","Atherinops","affinis","ATAF","Topsmelt",2,0,"Refugio",4,"Reference"
"89","REFU","REFU_05Sep19_bruv6",2019-09-05,5,9,2019,"6","Actinopterygii","Paralichthyidae","Paralichthys","californicus","PACA","California halibut",1,0,"Refugio",4,"Reference"
"90","REFU","REFU_05Sep19_bruv6",2019-09-05,5,9,2019,"6","Elasmobranchii","Rhinobatidae","Rhinobatos","productus","RHPR","Shovelnose guitarfish",1,0,"Refugio",4,"Reference"
"91","REFU","REFU_10Oct19_bruv1",2019-10-10,10,10,2019,"1","Actinopterygii","Atherinopsidae","","","ATHE","Unknown Silverside",2,0,"Refugio",4,"Reference"
"92","REFU","REFU_10Oct19_bruv1",2019-10-10,10,10,2019,"1","Actinopterygii","Atherinopsidae","Atherinops","affinis","ATAF","Topsmelt",5,0,"Refugio",4,"Reference"
"93","REFU","REFU_10Oct19_bruv1",2019-10-10,10,10,2019,"1",NA,"Cancridae","Cancer","sp",NA,NA,2,0,"Refugio",4,"Reference"
"94","REFU","REFU_10Oct19_bruv1",2019-10-10,10,10,2019,"1","Actinopterygii","Paralichthyidae","Citharichthys","stigmaeus","CIST","Speckled sanddab",2,0,"Refugio",4,"Reference"
"95","REFU","REFU_10Oct19_bruv3",2019-10-10,10,10,2019,"3","Actinopterygii","Atherinopsidae","Atherinops","affinis","ATAF","Topsmelt",5,0,"Refugio",4,"Reference"
"96","REFU","REFU_10Oct19_bruv3",2019-10-10,10,10,2019,"3","Actinopterygii","Embiotocidae","Amphistichus","argenteus","AMAR","Barred surfperch",1,0,"Refugio",4,"Reference"
"97","REFU","REFU_10Oct19_bruv3",2019-10-10,10,10,2019,"3",NA,"Nassariidae","Nassarius","sp",NA,NA,4,0,"Refugio",4,"Reference"
"98","REFU","REFU_10Oct19_bruv3",2019-10-10,10,10,2019,"3","Actinopterygii","Paralichthyidae","Citharichthys","stigmaeus","CIST","Speckled sanddab",1,0,"Refugio",4,"Reference"
"99","REFU","REFU_10Oct19_bruv3",2019-10-10,10,10,2019,"3","Elasmobranchii","Platyrhinidae","Platyrhinoidis","triserata","PLTR","Thornback guitarfish",1,0,"Refugio",4,"Reference"
"100","REFU","REFU_10Oct19_bruv6",2019-10-10,10,10,2019,"6",NA,"Atherinopsidae","Atherinops","sp",NA,NA,3,0,"Refugio",4,"Reference"
"101","REFU","REFU_10Oct19_bruv6",2019-10-10,10,10,2019,"6","Actinopterygii","Paralichthyidae","Citharichthys","stigmaeus","CIST","Speckled sanddab",6,0,"Refugio",4,"Reference"
"102","REFU","REFU_10Oct19_bruv6",2019-10-10,10,10,2019,"6","Elasmobranchii","Platyrhinidae","Platyrhinoidis","triserata","PLTR","Thornback guitarfish",1,0,"Refugio",4,"Reference"
"103","SOCA","SOCA_25Jul19_bruv1",2019-07-25,25,7,2019,"1",NA,"","","",NA,NA,1,1,"South Campus",5,"MPA"
"104","SOCA","SOCA_25Jul19_bruv1",2019-07-25,25,7,2019,"1","Actinopterygii","Embiotocidae","Amphistichus","argenteus","AMAR","Barred surfperch",1,1,"South Campus",5,"MPA"
"105","SOCA","SOCA_25Jul19_bruv1",2019-07-25,25,7,2019,"1","Elasmobranchii","Heterodontidae","Heterodontus","francisci","HEFR","Horn shark",1,1,"South Campus",5,"MPA"
"106","SOCA","SOCA_25Jul19_bruv1",2019-07-25,25,7,2019,"1","Elasmobranchii","Myliobatidae","Myliobatis","californica","MYCA","Bat ray",2,1,"South Campus",5,"MPA"
"107","SOCA","SOCA_25Jul19_bruv1",2019-07-25,25,7,2019,"1","Invertebrate","Palinuridae","Panulirus","interruptus","PAIN","California spiny lobster ",1,1,"South Campus",5,"MPA"
"108","SOCA","SOCA_25Jul19_bruv1",2019-07-25,25,7,2019,"1","Elasmobranchii","Rhinobatidae","Rhinobatos","productus","RHPR","Shovelnose guitarfish",1,1,"South Campus",5,"MPA"
"109","SOCA","SOCA_25Jul19_bruv1",2019-07-25,25,7,2019,"1","Actinopterygii","Sciaenidae","Cheilotrema","saturnum","CHSA","Black croaker",1,1,"South Campus",5,"MPA"
"110","SOCA","SOCA_25Jul19_bruv1",2019-07-25,25,7,2019,"1","Actinopterygii","Serranidae","Paralabrax","clathratus","PACL","Kelp bass",1,1,"South Campus",5,"MPA"
"111","SOCA","SOCA_25Jul19_bruv1",2019-07-25,25,7,2019,"1","Elasmobranchii","Triakidae","Triakis","semifasciata","TRSE","Leopard shark",3,1,"South Campus",5,"MPA"
"112","SOCA","SOCA_25Jul19_bruv1",2019-07-25,25,7,2019,"1","Elasmobranchii","Urotrygonidae","Urobatis","halleri","URHA","Round stingray",1,1,"South Campus",5,"MPA"
"113","SOCA","SOCA_25Jul19_bruv3",2019-07-25,25,7,2019,"3",NA,"","","",NA,NA,1,1,"South Campus",5,"MPA"
"114","SOCA","SOCA_25Jul19_bruv3",2019-07-25,25,7,2019,"3","Actinopterygii","Embiotocidae","Amphistichus","argenteus","AMAR","Barred surfperch",2,1,"South Campus",5,"MPA"
"115","SOCA","SOCA_25Jul19_bruv3",2019-07-25,25,7,2019,"3","Actinopterygii","Embiotocidae","Embiotoca","jacksoni","EMJA","Black perch",2,1,"South Campus",5,"MPA"
"116","SOCA","SOCA_25Jul19_bruv3",2019-07-25,25,7,2019,"3","Elasmobranchii","Myliobatidae","Myliobatis","californica","MYCA","Bat ray",1,1,"South Campus",5,"MPA"
"117","SOCA","SOCA_25Jul19_bruv3",2019-07-25,25,7,2019,"3","Invertebrate","Palinuridae","Panulirus","interruptus","PAIN","California spiny lobster ",1,1,"South Campus",5,"MPA"
"118","SOCA","SOCA_25Jul19_bruv3",2019-07-25,25,7,2019,"3","Elasmobranchii","Rhinobatidae","Rhinobatos","productus","RHPR","Shovelnose guitarfish",1,1,"South Campus",5,"MPA"
"119","SOCA","SOCA_25Jul19_bruv3",2019-07-25,25,7,2019,"3","Actinopterygii","Serranidae","Paralabrax","clathratus","PACL","Kelp bass",1,1,"South Campus",5,"MPA"
"120","SOCA","SOCA_25Jul19_bruv3",2019-07-25,25,7,2019,"3","Elasmobranchii","Triakidae","Triakis","semifasciata","TRSE","Leopard shark",2,1,"South Campus",5,"MPA"
"121","SOCA","SOCA_25Jul19_bruv6",2019-07-25,25,7,2019,"6","Actinopterygii","Embiotocidae","Amphistichus","argenteus","AMAR","Barred surfperch",1,1,"South Campus",5,"MPA"
"122","SOCA","SOCA_25Jul19_bruv6",2019-07-25,25,7,2019,"6","Actinopterygii","Embiotocidae","Embiotoca","jacksoni","EMJA","Black perch",1,1,"South Campus",5,"MPA"
"123","SOCA","SOCA_25Jul19_bruv6",2019-07-25,25,7,2019,"6","Actinopterygii","Embiotocidae","Hypsurus","caryi","HYCA","Rainbow surfperch",1,1,"South Campus",5,"MPA"
"124","SOCA","SOCA_25Jul19_bruv6",2019-07-25,25,7,2019,"6","Actinopterygii","Embiotocidae","Micrometrus","minimus","MIMI","Dwarf perch",1,1,"South Campus",5,"MPA"
"125","SOCA","SOCA_25Jul19_bruv6",2019-07-25,25,7,2019,"6","Actinopterygii","Embiotocidae","Rhacochilus","toxotes","RHTO","Rubberlip seaperch",1,1,"South Campus",5,"MPA"
"126","SOCA","SOCA_25Jul19_bruv6",2019-07-25,25,7,2019,"6","Invertebrate","Epialtidae","Loxorhynchus","grandis","LOGR","Sheep crab",1,1,"South Campus",5,"MPA"
"127","SOCA","SOCA_25Jul19_bruv6",2019-07-25,25,7,2019,"6","Actinopterygii","Haemulidae","Anisotremus","davidsonii","ANDA","Sargo",1,1,"South Campus",5,"MPA"
"128","SOCA","SOCA_25Jul19_bruv6",2019-07-25,25,7,2019,"6","Invertebrate","Palinuridae","Panulirus","interruptus","PAIN","California spiny lobster ",1,1,"South Campus",5,"MPA"
"129","SOCA","SOCA_25Jul19_bruv6",2019-07-25,25,7,2019,"6","Elasmobranchii","Rhinobatidae","Rhinobatos","productus","RHPR","Shovelnose guitarfish",1,1,"South Campus",5,"MPA"
"130","SOCA","SOCA_25Jul19_bruv6",2019-07-25,25,7,2019,"6","Actinopterygii","Serranidae","Paralabrax","clathratus","PACL","Kelp bass",1,1,"South Campus",5,"MPA"
"131","SOCA","SOCA_25Jul19_bruv6",2019-07-25,25,7,2019,"6","Elasmobranchii","Triakidae","Triakis","semifasciata","TRSE","Leopard shark",2,1,"South Campus",5,"MPA"
"132","SOCA","SOCA_09Sep19_bruv1",2019-09-09,9,9,2019,"1",NA,"","","",NA,NA,1,1,"South Campus",5,"MPA"
"133","SOCA","SOCA_09Sep19_bruv1",2019-09-09,9,9,2019,"1",NA,"Embiotocidae","","",NA,NA,1,1,"South Campus",5,"MPA"
"134","SOCA","SOCA_09Sep19_bruv1",2019-09-09,9,9,2019,"1","Actinopterygii","Embiotocidae","Amphistichus","argenteus","AMAR","Barred surfperch",1,1,"South Campus",5,"MPA"
"135","SOCA","SOCA_09Sep19_bruv1",2019-09-09,9,9,2019,"1","Actinopterygii","Embiotocidae","Embiotoca","jacksoni","EMJA","Black perch",2,1,"South Campus",5,"MPA"
"136","SOCA","SOCA_09Sep19_bruv1",2019-09-09,9,9,2019,"1","Actinopterygii","Embiotocidae","Hyperprosopon","argenteum","HYAR","Walleye surfperch",1,1,"South Campus",5,"MPA"
"137","SOCA","SOCA_09Sep19_bruv1",2019-09-09,9,9,2019,"1","Actinopterygii","Embiotocidae","Micrometrus","minimus","MIMI","Dwarf perch",1,1,"South Campus",5,"MPA"
"138","SOCA","SOCA_09Sep19_bruv1",2019-09-09,9,9,2019,"1","Elasmobranchii","Myliobatidae","Myliobatis","californica","MYCA","Bat ray",1,1,"South Campus",5,"MPA"
"139","SOCA","SOCA_09Sep19_bruv1",2019-09-09,9,9,2019,"1","Invertebrate","Palinuridae","Panulirus","interruptus","PAIN","California spiny lobster ",1,1,"South Campus",5,"MPA"
"140","SOCA","SOCA_09Sep19_bruv1",2019-09-09,9,9,2019,"1","Elasmobranchii","Platyrhinidae","Platyrhinoidis","triserata","PLTR","Thornback guitarfish",2,1,"South Campus",5,"MPA"
"141","SOCA","SOCA_09Sep19_bruv1",2019-09-09,9,9,2019,"1","Elasmobranchii","Rhinobatidae","Rhinobatos","productus","RHPR","Shovelnose guitarfish",1,1,"South Campus",5,"MPA"
"142","SOCA","SOCA_09Sep19_bruv1",2019-09-09,9,9,2019,"1","Actinopterygii","Serranidae","Paralabrax","clathratus","PACL","Kelp bass",1,1,"South Campus",5,"MPA"
"143","SOCA","SOCA_09Sep19_bruv1",2019-09-09,9,9,2019,"1","Elasmobranchii","Triakidae","Triakis","semifasciata","TRSE","Leopard shark",7,1,"South Campus",5,"MPA"
"144","SOCA","SOCA_09Sep19_bruv3",2019-09-09,9,9,2019,"3",NA,"Embiotocidae","","",NA,NA,1,1,"South Campus",5,"MPA"
"145","SOCA","SOCA_09Sep19_bruv3",2019-09-09,9,9,2019,"3","Actinopterygii","Embiotocidae","Amphistichus","argenteus","AMAR","Barred surfperch",3,1,"South Campus",5,"MPA"
"146","SOCA","SOCA_09Sep19_bruv3",2019-09-09,9,9,2019,"3","Actinopterygii","Embiotocidae","Embiotoca","jacksoni","EMJA","Black perch",3,1,"South Campus",5,"MPA"
"147","SOCA","SOCA_09Sep19_bruv3",2019-09-09,9,9,2019,"3","Actinopterygii","Embiotocidae","Hyperprosopon","argenteum","HYAR","Walleye surfperch",2,1,"South Campus",5,"MPA"
"148","SOCA","SOCA_09Sep19_bruv3",2019-09-09,9,9,2019,"3","Actinopterygii","Embiotocidae","Micrometrus","minimus","MIMI","Dwarf perch",1,1,"South Campus",5,"MPA"
"149","SOCA","SOCA_09Sep19_bruv3",2019-09-09,9,9,2019,"3","Actinopterygii","Haemulidae","Anisotremus","davidsonii","ANDA","Sargo",1,1,"South Campus",5,"MPA"
"150","SOCA","SOCA_09Sep19_bruv3",2019-09-09,9,9,2019,"3","Elasmobranchii","Rhinobatidae","Rhinobatos","productus","RHPR","Shovelnose guitarfish",1,1,"South Campus",5,"MPA"
"151","SOCA","SOCA_09Sep19_bruv3",2019-09-09,9,9,2019,"3","Actinopterygii","Sciaenidae","Umbrina","roncador","UMRO","Yellowfin croaker",1,1,"South Campus",5,"MPA"
"152","SOCA","SOCA_09Sep19_bruv3",2019-09-09,9,9,2019,"3","Actinopterygii","Serranidae","Paralabrax","clathratus","PACL","Kelp bass",1,1,"South Campus",5,"MPA"
"153","SOCA","SOCA_09Sep19_bruv3",2019-09-09,9,9,2019,"3","Elasmobranchii","Triakidae","Triakis","semifasciata","TRSE","Leopard shark",2,1,"South Campus",5,"MPA"
"154","SOCA","SOCA_09Sep19_bruv3",2019-09-09,9,9,2019,"3","Elasmobranchii","Urotrygonidae","Urobatis","halleri","URHA","Round stingray",1,1,"South Campus",5,"MPA"
"155","SOCA","SOCA_09Sep19_bruv6",2019-09-09,9,9,2019,"6",NA,"Embiotocidae","","",NA,NA,1,1,"South Campus",5,"MPA"
"156","SOCA","SOCA_09Sep19_bruv6",2019-09-09,9,9,2019,"6","Actinopterygii","Embiotocidae","Amphistichus","argenteus","AMAR","Barred surfperch",2,1,"South Campus",5,"MPA"
"157","SOCA","SOCA_09Sep19_bruv6",2019-09-09,9,9,2019,"6","Actinopterygii","Embiotocidae","Micrometrus","minimus","MIMI","Dwarf perch",1,1,"South Campus",5,"MPA"
"158","SOCA","SOCA_09Sep19_bruv6",2019-09-09,9,9,2019,"6","Actinopterygii","Haemulidae","Anisotremus","davidsonii","ANDA","Sargo",1,1,"South Campus",5,"MPA"
"159","SOCA","SOCA_09Sep19_bruv6",2019-09-09,9,9,2019,"6","Actinopterygii","Labridae","Halichoeres","semicinctus","HASE","Rock wrasse",1,1,"South Campus",5,"MPA"
"160","SOCA","SOCA_09Sep19_bruv6",2019-09-09,9,9,2019,"6","Elasmobranchii","Myliobatidae","Myliobatis","californica","MYCA","Bat ray",2,1,"South Campus",5,"MPA"
"161","SOCA","SOCA_09Sep19_bruv6",2019-09-09,9,9,2019,"6","Elasmobranchii","Platyrhinidae","Platyrhinoidis","triserata","PLTR","Thornback guitarfish",1,1,"South Campus",5,"MPA"
"162","SOCA","SOCA_09Sep19_bruv6",2019-09-09,9,9,2019,"6","Elasmobranchii","Rhinobatidae","Rhinobatos","productus","RHPR","Shovelnose guitarfish",2,1,"South Campus",5,"MPA"
"163","SOCA","SOCA_09Sep19_bruv6",2019-09-09,9,9,2019,"6",NA,"Sciaenidae","","",NA,NA,2,1,"South Campus",5,"MPA"
"164","SOCA","SOCA_09Sep19_bruv6",2019-09-09,9,9,2019,"6","Actinopterygii","Sciaenidae","Cheilotrema","saturnum","CHSA","Black croaker",1,1,"South Campus",5,"MPA"
"165","SOCA","SOCA_09Sep19_bruv6",2019-09-09,9,9,2019,"6","Actinopterygii","Serranidae","Paralabrax","clathratus","PACL","Kelp bass",2,1,"South Campus",5,"MPA"
"166","SOCA","SOCA_09Sep19_bruv6",2019-09-09,9,9,2019,"6","Elasmobranchii","Triakidae","Triakis","semifasciata","TRSE","Leopard shark",4,1,"South Campus",5,"MPA"
"167","SOCA","SOCA_09Sep19_bruv6",2019-09-09,9,9,2019,"6","Elasmobranchii","Urotrygonidae","Urobatis","halleri","URHA","Round stingray",1,1,"South Campus",5,"MPA"
"168","SOCA","SOCA_03Oct19_bruv1",2019-10-03,3,10,2019,"1",NA,"","","",NA,NA,1,1,"South Campus",5,"MPA"
"169","SOCA","SOCA_03Oct19_bruv1",2019-10-03,3,10,2019,"1",NA,"Embiotocidae","","",NA,NA,1,1,"South Campus",5,"MPA"
"170","SOCA","SOCA_03Oct19_bruv1",2019-10-03,3,10,2019,"1","Actinopterygii","Embiotocidae","Hyperprosopon","argenteum","HYAR","Walleye surfperch",1,1,"South Campus",5,"MPA"
"171","SOCA","SOCA_03Oct19_bruv1",2019-10-03,3,10,2019,"1","Actinopterygii","Embiotocidae","Micrometrus","minimus","MIMI","Dwarf perch",3,1,"South Campus",5,"MPA"
"172","SOCA","SOCA_03Oct19_bruv1",2019-10-03,3,10,2019,"1","Invertebrate","Palinuridae","Panulirus","interruptus","PAIN","California spiny lobster ",1,1,"South Campus",5,"MPA"
"173","SOCA","SOCA_03Oct19_bruv1",2019-10-03,3,10,2019,"1","Elasmobranchii","Rhinobatidae","Rhinobatos","productus","RHPR","Shovelnose guitarfish",2,1,"South Campus",5,"MPA"
"174","SOCA","SOCA_03Oct19_bruv1",2019-10-03,3,10,2019,"1","Actinopterygii","Serranidae","Paralabrax","clathratus","PACL","Kelp bass",1,1,"South Campus",5,"MPA"
"175","SOCA","SOCA_03Oct19_bruv1",2019-10-03,3,10,2019,"1","Elasmobranchii","Triakidae","Triakis","semifasciata","TRSE","Leopard shark",3,1,"South Campus",5,"MPA"
"176","SOCA","SOCA_03Oct19_bruv3",2019-10-03,3,10,2019,"3","Actinopterygii","Atherinopsidae","","","ATHE","Unknown Silverside",1,1,"South Campus",5,"MPA"
"177","SOCA","SOCA_03Oct19_bruv3",2019-10-03,3,10,2019,"3",NA,"Embiotocidae","","",NA,NA,1,1,"South Campus",5,"MPA"
"178","SOCA","SOCA_03Oct19_bruv3",2019-10-03,3,10,2019,"3","Actinopterygii","Serranidae","Paralabrax","clathratus","PACL","Kelp bass",3,1,"South Campus",5,"MPA"
"179","SOCA","SOCA_03Oct19_bruv3",2019-10-03,3,10,2019,"3","Actinopterygii","Serranidae","Paralabrax","nebulifer","PANE","Barred sand bass",1,1,"South Campus",5,"MPA"
"180","SOCA","SOCA_03Oct19_bruv3",2019-10-03,3,10,2019,"3",NA,"Serranidae","Paralabrax","sp",NA,NA,1,1,"South Campus",5,"MPA"
"181","SOCA","SOCA_03Oct19_bruv3",2019-10-03,3,10,2019,"3","Elasmobranchii","Triakidae","Triakis","semifasciata","TRSE","Leopard shark",1,1,"South Campus",5,"MPA"
"182","SOCA","SOCA_03Oct19_bruv6",2019-10-03,3,10,2019,"6",NA,"","","",NA,NA,1,1,"South Campus",5,"MPA"
"183","SOCA","SOCA_03Oct19_bruv6",2019-10-03,3,10,2019,"6","Actinopterygii","Atherinopsidae","","","ATHE","Unknown Silverside",40,1,"South Campus",5,"MPA"
"184","SOCA","SOCA_03Oct19_bruv6",2019-10-03,3,10,2019,"6","Elasmobranchii","Platyrhinidae","Platyrhinoidis","triserata","PLTR","Thornback guitarfish",1,1,"South Campus",5,"MPA"
"185","SOCA","SOCA_03Oct19_bruv6",2019-10-03,3,10,2019,"6","Elasmobranchii","Triakidae","Triakis","semifasciata","TRSE","Leopard shark",1,1,"South Campus",5,"MPA"
"186","HABE","HABE_19Jul19_bruv1",2019-07-19,19,7,2019,"1","Actinopterygii","Atherinopsidae","Atherinops","affinis","ATAF","Topsmelt",3,0,"Haskells",6,"Reference"
"187","HABE","HABE_19Jul19_bruv1",2019-07-19,19,7,2019,"1","Invertebrate","Cancridae","Cancer","","CANC","Crab",1,0,"Haskells",6,"Reference"
"188","HABE","HABE_19Jul19_bruv1",2019-07-19,19,7,2019,"1","Elasmobranchii","Triakidae","Triakis","semifasciata","TRSE","Leopard shark",1,0,"Haskells",6,"Reference"
"189","HABE","HABE_19Jul19_bruv3",2019-07-19,19,7,2019,"3",NA,"","","",NA,NA,1,0,"Haskells",6,"Reference"
"190","HABE","HABE_19Jul19_bruv3",2019-07-19,19,7,2019,"3","Invertebrate","Cancridae","Cancer","","CANC","Crab",1,0,"Haskells",6,"Reference"
"191","HABE","HABE_19Jul19_bruv3",2019-07-19,19,7,2019,"3","Elasmobranchii","Myliobatidae","Myliobatis","californica","MYCA","Bat ray",1,0,"Haskells",6,"Reference"
"192","HABE","HABE_19Jul19_bruv3",2019-07-19,19,7,2019,"3",NA,"Paralichthyidae","","",NA,NA,1,0,"Haskells",6,"Reference"
"193","HABE","HABE_19Jul19_bruv3",2019-07-19,19,7,2019,"3","Actinopterygii","Paralichthyidae","Citharichthys","stigmaeus","CIST","Speckled sanddab",2,0,"Haskells",6,"Reference"
"194","HABE","HABE_19Jul19_bruv3",2019-07-19,19,7,2019,"3","Elasmobranchii","Platyrhinidae","Platyrhinoidis","triserata","PLTR","Thornback guitarfish",1,0,"Haskells",6,"Reference"
"195","HABE","HABE_19Jul19_bruv3",2019-07-19,19,7,2019,"3","Elasmobranchii","Triakidae","Triakis","semifasciata","TRSE","Leopard shark",1,0,"Haskells",6,"Reference"
"196","HABE","HABE_19Jul19_bruv6",2019-07-19,19,7,2019,"6","Invertebrate","Blepharipodidae","Blepharipoda","occidentalis","BLOC","Spiny sand crab",1,0,"Haskells",6,"Reference"
"197","HABE","HABE_19Jul19_bruv6",2019-07-19,19,7,2019,"6",NA,"Cancridae","Cancer","sp",NA,NA,1,0,"Haskells",6,"Reference"
"198","HABE","HABE_19Jul19_bruv6",2019-07-19,19,7,2019,"6","Actinopterygii","Embiotocidae","Amphistichus","argenteus","AMAR","Barred surfperch",2,0,"Haskells",6,"Reference"
"199","HABE","HABE_19Jul19_bruv6",2019-07-19,19,7,2019,"6","Elasmobranchii","Myliobatidae","Myliobatis","californica","MYCA","Bat ray",1,0,"Haskells",6,"Reference"
"200","HABE","HABE_19Jul19_bruv6",2019-07-19,19,7,2019,"6","Elasmobranchii","Rhinobatidae","Rhinobatos","productus","RHPR","Shovelnose guitarfish",1,0,"Haskells",6,"Reference"
"201","HABE","HABE_19Jul19_bruv6",2019-07-19,19,7,2019,"6","Actinopterygii","Sciaenidae","Umbrina","roncador","UMRO","Yellowfin croaker",1,0,"Haskells",6,"Reference"
"202","HABE","HABE_19Jul19_bruv6",2019-07-19,19,7,2019,"6","Elasmobranchii","Triakidae","Triakis","semifasciata","TRSE","Leopard shark",1,0,"Haskells",6,"Reference"
"203","HABE","HABE_11Sep19_bruv1",2019-09-11,11,9,2019,"1","Actinopterygii","Embiotocidae","Amphistichus","argenteus","AMAR","Barred surfperch",8,0,"Haskells",6,"Reference"
"204","HABE","HABE_11Sep19_bruv1",2019-09-11,11,9,2019,"1","Elasmobranchii","Rhinobatidae","Rhinobatos","productus","RHPR","Shovelnose guitarfish",1,0,"Haskells",6,"Reference"
"205","HABE","HABE_11Sep19_bruv1",2019-09-11,11,9,2019,"1","Actinopterygii","Sciaenidae","Umbrina","roncador","UMRO","Yellowfin croaker",1,0,"Haskells",6,"Reference"
"206","HABE","HABE_11Sep19_bruv1",2019-09-11,11,9,2019,"1","Elasmobranchii","Triakidae","Triakis","semifasciata","TRSE","Leopard shark",1,0,"Haskells",6,"Reference"
"207","HABE","HABE_11Sep19_bruv1",2019-09-11,11,9,2019,"1","Elasmobranchii","Urotrygonidae","Urobatis","halleri","URHA","Round stingray",1,0,"Haskells",6,"Reference"
"208","HABE","HABE_11Sep19_bruv3",2019-09-11,11,9,2019,"3","Actinopterygii","Atherinopsidae","","","ATHE","Unknown Silverside",2,0,"Haskells",6,"Reference"
"209","HABE","HABE_11Sep19_bruv3",2019-09-11,11,9,2019,"3","Elasmobranchii","Myliobatidae","Myliobatis","californica","MYCA","Bat ray",1,0,"Haskells",6,"Reference"
"210","HABE","HABE_11Sep19_bruv3",2019-09-11,11,9,2019,"3","Actinopterygii","Sciaenidae","Menticirrhus","undulatus","MEUN","California corbina",1,0,"Haskells",6,"Reference"
"211","HABE","HABE_11Sep19_bruv3",2019-09-11,11,9,2019,"3","Elasmobranchii","Triakidae","Triakis","semifasciata","TRSE","Leopard shark",1,0,"Haskells",6,"Reference"
"212","HABE","HABE_11Sep19_bruv6",2019-09-11,11,9,2019,"6","Actinopterygii","Atherinopsidae","Atherinops","affinis","ATAF","Topsmelt",2,0,"Haskells",6,"Reference"
"213","HABE","HABE_11Sep19_bruv6",2019-09-11,11,9,2019,"6","Elasmobranchii","Myliobatidae","Myliobatis","californica","MYCA","Bat ray",1,0,"Haskells",6,"Reference"
"214","HABE","HABE_11Sep19_bruv6",2019-09-11,11,9,2019,"6","Invertebrate","Palinuridae","Panulirus","interruptus","PAIN","California spiny lobster ",1,0,"Haskells",6,"Reference"
"215","HABE","HABE_11Sep19_bruv6",2019-09-11,11,9,2019,"6","Elasmobranchii","Triakidae","Triakis","semifasciata","TRSE","Leopard shark",1,0,"Haskells",6,"Reference"
"216","HABE","HABE_11Sep19_bruv6",2019-09-11,11,9,2019,"6","Elasmobranchii","Urotrygonidae","Urobatis","halleri","URHA","Round stingray",1,0,"Haskells",6,"Reference"
"217","HABE","HABE_02Oct19_bruv1",2019-10-02,2,10,2019,"1","Actinopterygii","Atherinopsidae","","","ATHE","Unknown Silverside",1,0,"Haskells",6,"Reference"
"218","HABE","HABE_02Oct19_bruv1",2019-10-02,2,10,2019,"1","Actinopterygii","Atherinopsidae","Atherinops","affinis","ATAF","Topsmelt",4,0,"Haskells",6,"Reference"
"219","HABE","HABE_02Oct19_bruv1",2019-10-02,2,10,2019,"1",NA,"Cancridae","Cancer","sp",NA,NA,2,0,"Haskells",6,"Reference"
"220","HABE","HABE_02Oct19_bruv1",2019-10-02,2,10,2019,"1","Elasmobranchii","Rhinobatidae","Rhinobatos","productus","RHPR","Shovelnose guitarfish",1,0,"Haskells",6,"Reference"
"221","HABE","HABE_02Oct19_bruv3",2019-10-02,2,10,2019,"3","Actinopterygii","Atherinopsidae","","","ATHE","Unknown Silverside",12,0,"Haskells",6,"Reference"
"222","HABE","HABE_02Oct19_bruv3",2019-10-02,2,10,2019,"3","Actinopterygii","Atherinopsidae","Atherinops","affinis","ATAF","Topsmelt",20,0,"Haskells",6,"Reference"
"223","HABE","HABE_02Oct19_bruv3",2019-10-02,2,10,2019,"3",NA,"Cancridae","Cancer","sp",NA,NA,3,0,"Haskells",6,"Reference"
"224","HABE","HABE_02Oct19_bruv3",2019-10-02,2,10,2019,"3","Elasmobranchii","Myliobatidae","Myliobatis","californica","MYCA","Bat ray",1,0,"Haskells",6,"Reference"
"225","HABE","HABE_02Oct19_bruv3",2019-10-02,2,10,2019,"3","Invertebrate","Nassariidae","Nassarius","","NASS","Nassa mud snail",15,0,"Haskells",6,"Reference"
"226","HABE","HABE_02Oct19_bruv3",2019-10-02,2,10,2019,"3","Actinopterygii","Paralichthyidae","Citharichthys","stigmaeus","CIST","Speckled sanddab",3,0,"Haskells",6,"Reference"
"227","HABE","HABE_02Oct19_bruv6",2019-10-02,2,10,2019,"6","Actinopterygii","Atherinopsidae","Atherinops","affinis","ATAF","Topsmelt",10,0,"Haskells",6,"Reference"
"228","HABE","HABE_02Oct19_bruv6",2019-10-02,2,10,2019,"6",NA,"Cancridae","Cancer","sp",NA,NA,3,0,"Haskells",6,"Reference"
"229","HABE","HABE_02Oct19_bruv6",2019-10-02,2,10,2019,"6","Actinopterygii","Carangidae","Trachurus","symmetricus","TRSY","Pacific jack mackerel",3,0,"Haskells",6,"Reference"
"230","HABE","HABE_02Oct19_bruv6",2019-10-02,2,10,2019,"6",NA,"Paralichthyidae","","",NA,NA,1,0,"Haskells",6,"Reference"
"231","DUCO","DUCO_20Aug19_bruv1",2019-08-20,20,8,2019,"1",NA,"","","",NA,NA,1,1,"Dume Cove",7,"MPA"
"232","DUCO","DUCO_20Aug19_bruv1",2019-08-20,20,8,2019,"1","Actinopterygii","Atherinopsidae","Atherinops","affinis","ATAF","Topsmelt",28,1,"Dume Cove",7,"MPA"
"233","DUCO","DUCO_20Aug19_bruv1",2019-08-20,20,8,2019,"1","Actinopterygii","Haemulidae","Anisotremus","davidsonii","ANDA","Sargo",2,1,"Dume Cove",7,"MPA"
"234","DUCO","DUCO_20Aug19_bruv1",2019-08-20,20,8,2019,"1","Actinopterygii","Kyphosidae","Kyphosus","azureus","KYAZ","Zebra perch",17,1,"Dume Cove",7,"MPA"
"235","DUCO","DUCO_20Aug19_bruv1",2019-08-20,20,8,2019,"1","Actinopterygii","Labridae","Semicossyphus","pulcher","SEPU","California sheephead",1,1,"Dume Cove",7,"MPA"
"236","DUCO","DUCO_20Aug19_bruv1",2019-08-20,20,8,2019,"1","Elasmobranchii","Myliobatidae","Myliobatis","californica","MYCA","Bat ray",1,1,"Dume Cove",7,"MPA"
"237","DUCO","DUCO_20Aug19_bruv1",2019-08-20,20,8,2019,"1","Actinopterygii","Serranidae","Paralabrax","clathratus","PACL","Kelp bass",5,1,"Dume Cove",7,"MPA"
"238","DUCO","DUCO_20Aug19_bruv1",2019-08-20,20,8,2019,"1","Elasmobranchii","Triakidae","Triakis","semifasciata","TRSE","Leopard shark",2,1,"Dume Cove",7,"MPA"
"239","DUCO","DUCO_20Aug19_bruv3",2019-08-20,20,8,2019,"3",NA,"","","",NA,NA,1,1,"Dume Cove",7,"MPA"
"240","DUCO","DUCO_20Aug19_bruv3",2019-08-20,20,8,2019,"3","Actinopterygii","Embiotocidae","Embiotoca","jacksoni","EMJA","Black perch",9,1,"Dume Cove",7,"MPA"
"241","DUCO","DUCO_20Aug19_bruv3",2019-08-20,20,8,2019,"3","Actinopterygii","Haemulidae","Anisotremus","davidsonii","ANDA","Sargo",1,1,"Dume Cove",7,"MPA"
"242","DUCO","DUCO_20Aug19_bruv3",2019-08-20,20,8,2019,"3","Actinopterygii","Kyphosidae","Kyphosus","azureus","KYAZ","Zebra perch",32,1,"Dume Cove",7,"MPA"
"243","DUCO","DUCO_20Aug19_bruv3",2019-08-20,20,8,2019,"3","Actinopterygii","Labridae","Semicossyphus","pulcher","SEPU","California sheephead",1,1,"Dume Cove",7,"MPA"
"244","DUCO","DUCO_20Aug19_bruv3",2019-08-20,20,8,2019,"3","Elasmobranchii","Myliobatidae","Myliobatis","californica","MYCA","Bat ray",1,1,"Dume Cove",7,"MPA"
"245","DUCO","DUCO_20Aug19_bruv3",2019-08-20,20,8,2019,"3","Actinopterygii","Serranidae","Paralabrax","clathratus","PACL","Kelp bass",2,1,"Dume Cove",7,"MPA"
"246","DUCO","DUCO_20Aug19_bruv3",2019-08-20,20,8,2019,"3","Elasmobranchii","Triakidae","Triakis","semifasciata","TRSE","Leopard shark",1,1,"Dume Cove",7,"MPA"
"247","DUCO","DUCO_20Aug19_bruv6",2019-08-20,20,8,2019,"6",NA,"","","",NA,NA,1,1,"Dume Cove",7,"MPA"
"248","DUCO","DUCO_20Aug19_bruv6",2019-08-20,20,8,2019,"6","Actinopterygii","Atherinopsidae","","","ATHE","Unknown Silverside",54,1,"Dume Cove",7,"MPA"
"249","DUCO","DUCO_20Aug19_bruv6",2019-08-20,20,8,2019,"6","Actinopterygii","Embiotocidae","Embiotoca","jacksoni","EMJA","Black perch",3,1,"Dume Cove",7,"MPA"
"250","DUCO","DUCO_20Aug19_bruv6",2019-08-20,20,8,2019,"6","Actinopterygii","Haemulidae","Anisotremus","davidsonii","ANDA","Sargo",1,1,"Dume Cove",7,"MPA"
"251","DUCO","DUCO_20Aug19_bruv6",2019-08-20,20,8,2019,"6","Actinopterygii","Kyphosidae","Hermosilla","azurea","KYAZ","Zebra perch",3,1,"Dume Cove",7,"MPA"
"252","DUCO","DUCO_20Aug19_bruv6",2019-08-20,20,8,2019,"6","Actinopterygii","Labridae","Halichoeres","semicinctus","HASE","Rock wrasse",1,1,"Dume Cove",7,"MPA"
"253","DUCO","DUCO_20Aug19_bruv6",2019-08-20,20,8,2019,"6","Actinopterygii","Labridae","Semicossyphus","pulcher","SEPU","California sheephead",3,1,"Dume Cove",7,"MPA"
"254","DUCO","DUCO_20Aug19_bruv6",2019-08-20,20,8,2019,"6","Elasmobranchii","Rhinobatidae","Rhinobatos","productus","RHPR","Shovelnose guitarfish",1,1,"Dume Cove",7,"MPA"
"255","DUCO","DUCO_20Aug19_bruv6",2019-08-20,20,8,2019,"6","Actinopterygii","Serranidae","Paralabrax","clathratus","PACL","Kelp bass",6,1,"Dume Cove",7,"MPA"
"256","DUCO","DUCO_20Aug19_bruv6",2019-08-20,20,8,2019,"6","Elasmobranchii","Triakidae","Triakis","semifasciata","TRSE","Leopard shark",2,1,"Dume Cove",7,"MPA"
"257","DUCO","DUCO_16Sep19_bruv1_data",2019-09-16,16,9,2019,"1","Actinopterygii","Atherinopsidae","","","ATHE","Unknown Silverside",10,1,"Dume Cove",7,"MPA"
"258","DUCO","DUCO_16Sep19_bruv1_data",2019-09-16,16,9,2019,"1","Actinopterygii","Embiotocidae","Hyperprosopon","argenteum","HYAR","Walleye surfperch",12,1,"Dume Cove",7,"MPA"
"259","DUCO","DUCO_16Sep19_bruv1_data",2019-09-16,16,9,2019,"1","Actinopterygii","Kyphosidae","Hermosilla","azurea","KYAZ","Zebra perch",9,1,"Dume Cove",7,"MPA"
"260","DUCO","DUCO_16Sep19_bruv1_data",2019-09-16,16,9,2019,"1","Actinopterygii","Sciaenidae","Umbrina","roncador","UMRO","Yellowfin croaker",1,1,"Dume Cove",7,"MPA"
"261","DUCO","DUCO_16Sep19_bruv1_data",2019-09-16,16,9,2019,"1","Actinopterygii","Serranidae","Paralabrax","clathratus","PACL","Kelp bass",1,1,"Dume Cove",7,"MPA"
"262","DUCO","DUCO_16Sep19_bruv1_data",2019-09-16,16,9,2019,"1","Elasmobranchii","Triakidae","Triakis","semifasciata","TRSE","Leopard shark",2,1,"Dume Cove",7,"MPA"
"263","DUCO","DUCO_16Sep19_bruv3",2019-09-16,16,9,2019,"3","Actinopterygii","Haemulidae","Anisotremus","davidsonii","ANDA","Sargo",1,1,"Dume Cove",7,"MPA"
"264","DUCO","DUCO_16Sep19_bruv3",2019-09-16,16,9,2019,"3","Elasmobranchii","Myliobatidae","Myliobatis","californica","MYCA","Bat ray",1,1,"Dume Cove",7,"MPA"
"265","DUCO","DUCO_16Sep19_bruv3",2019-09-16,16,9,2019,"3","Invertebrate","Palinuridae","Panulirus","interruptus","PAIN","California spiny lobster ",1,1,"Dume Cove",7,"MPA"
"266","DUCO","DUCO_16Sep19_bruv3",2019-09-16,16,9,2019,"3","Actinopterygii","Sciaenidae","Umbrina","roncador","UMRO","Yellowfin croaker",5,1,"Dume Cove",7,"MPA"
"267","DUCO","DUCO_16Sep19_bruv3",2019-09-16,16,9,2019,"3","Actinopterygii","Serranidae","Paralabrax","clathratus","PACL","Kelp bass",1,1,"Dume Cove",7,"MPA"
"268","DUCO","DUCO_16Sep19_bruv3",2019-09-16,16,9,2019,"3","Elasmobranchii","Triakidae","Triakis","semifasciata","TRSE","Leopard shark",1,1,"Dume Cove",7,"MPA"
"269","DUCO","DUCO_16Sep19_bruv6",2019-09-16,16,9,2019,"6","Actinopterygii","Embiotocidae","Hyperprosopon","argenteum","HYAR","Walleye surfperch",26,1,"Dume Cove",7,"MPA"
"270","DUCO","DUCO_16Sep19_bruv6",2019-09-16,16,9,2019,"6","Elasmobranchii","Myliobatidae","Myliobatis","californica","MYCA","Bat ray",1,1,"Dume Cove",7,"MPA"
"271","DUCO","DUCO_16Sep19_bruv6",2019-09-16,16,9,2019,"6","Invertebrate","Palinuridae","Panulirus","interruptus","PAIN","California spiny lobster ",1,1,"Dume Cove",7,"MPA"
"272","DUCO","DUCO_16Sep19_bruv6",2019-09-16,16,9,2019,"6","Actinopterygii","Sciaenidae","Umbrina","roncador","UMRO","Yellowfin croaker",1,1,"Dume Cove",7,"MPA"
"273","DUCO","DUCO_16Sep19_bruv6",2019-09-16,16,9,2019,"6","Actinopterygii","Serranidae","Paralabrax","clathratus","PACL","Kelp bass",2,1,"Dume Cove",7,"MPA"
"274","DUCO","DUCO_16Sep19_bruv6",2019-09-16,16,9,2019,"6","Elasmobranchii","Triakidae","Triakis","semifasciata","TRSE","Leopard shark",2,1,"Dume Cove",7,"MPA"
"275","DUCO","DUCO_23Oct19_bruv1",2019-10-23,23,10,2019,"1",NA,"","","",NA,NA,57,1,"Dume Cove",7,"MPA"
"276","DUCO","DUCO_23Oct19_bruv1",2019-10-23,23,10,2019,"1","Actinopterygii","Atherinopsidae","","","ATHE","Unknown Silverside",129,1,"Dume Cove",7,"MPA"
"277","DUCO","DUCO_23Oct19_bruv1",2019-10-23,23,10,2019,"1","Actinopterygii","Embiotocidae","Rhacochilus","vacca","RHVA","Pile perch",1,1,"Dume Cove",7,"MPA"
"278","DUCO","DUCO_23Oct19_bruv1",2019-10-23,23,10,2019,"1",NA,"Kyphosidae","","",NA,NA,2,1,"Dume Cove",7,"MPA"
"279","DUCO","DUCO_23Oct19_bruv1",2019-10-23,23,10,2019,"1","Actinopterygii","Kyphosidae","Medialuna","californiensis","MECA","Halfmoon",1,1,"Dume Cove",7,"MPA"
"280","DUCO","DUCO_23Oct19_bruv1",2019-10-23,23,10,2019,"1","Actinopterygii","Labridae","Semicossyphus","pulcher","SEPU","California sheephead",1,1,"Dume Cove",7,"MPA"
"281","DUCO","DUCO_23Oct19_bruv1",2019-10-23,23,10,2019,"1","Elasmobranchii","Myliobatidae","Myliobatis","californica","MYCA","Bat ray",1,1,"Dume Cove",7,"MPA"
"282","DUCO","DUCO_23Oct19_bruv1",2019-10-23,23,10,2019,"1","Actinopterygii","Paralichthyidae","Citharichthys","stigmaeus","CIST","Speckled sanddab",1,1,"Dume Cove",7,"MPA"
"283","DUCO","DUCO_23Oct19_bruv1",2019-10-23,23,10,2019,"1","Elasmobranchii","Platyrhinidae","Platyrhinoidis","triserata","PLTR","Thornback guitarfish",1,1,"Dume Cove",7,"MPA"
"284","DUCO","DUCO_23Oct19_bruv1",2019-10-23,23,10,2019,"1","Actinopterygii","Serranidae","Paralabrax","clathratus","PACL","Kelp bass",1,1,"Dume Cove",7,"MPA"
"285","DUCO","DUCO_23Oct19_bruv4",2019-10-23,23,10,2019,"4","Actinopterygii","Kyphosidae","Hermosilla","azurea","KYAZ","Zebra perch",1,1,"Dume Cove",7,"MPA"
"286","DUCO","DUCO_23Oct19_bruv4",2019-10-23,23,10,2019,"4","Actinopterygii","Kyphosidae","Medialuna","californiensis","MECA","Halfmoon",1,1,"Dume Cove",7,"MPA"
"287","DUCO","DUCO_23Oct19_bruv4",2019-10-23,23,10,2019,"4","Elasmobranchii","Myliobatidae","Myliobatis","californica","MYCA","Bat ray",2,1,"Dume Cove",7,"MPA"
"288","DUCO","DUCO_23Oct19_bruv4",2019-10-23,23,10,2019,"4","Elasmobranchii","Rhinobatidae","Rhinobatos","productus","RHPR","Shovelnose guitarfish",1,1,"Dume Cove",7,"MPA"
"289","DUCO","DUCO_23Oct19_bruv4",2019-10-23,23,10,2019,"4","Actinopterygii","Sciaenidae","Umbrina","roncador","UMRO","Yellowfin croaker",1,1,"Dume Cove",7,"MPA"
"290","DUCO","DUCO_23Oct19_bruv4",2019-10-23,23,10,2019,"4","Actinopterygii","Serranidae","Paralabrax","clathratus","PACL","Kelp bass",2,1,"Dume Cove",7,"MPA"
"291","DUCO","DUCO_23Oct19_bruv6",2019-10-23,23,10,2019,"6","Actinopterygii","Atherinopsidae","","","ATHE","Unknown Silverside",14,1,"Dume Cove",7,"MPA"
"292","DUCO","DUCO_23Oct19_bruv6",2019-10-23,23,10,2019,"6","Actinopterygii","Haemulidae","Anisotremus","davidsonii","ANDA","Sargo",1,1,"Dume Cove",7,"MPA"
"293","DUCO","DUCO_23Oct19_bruv6",2019-10-23,23,10,2019,"6","Actinopterygii","Kyphosidae","Girella","nigricans","GINI","Opaleye",2,1,"Dume Cove",7,"MPA"
"294","DUCO","DUCO_23Oct19_bruv6",2019-10-23,23,10,2019,"6","Actinopterygii","Kyphosidae","Medialuna","californiensis","MECA","Halfmoon",1,1,"Dume Cove",7,"MPA"
"295","DUCO","DUCO_23Oct19_bruv6",2019-10-23,23,10,2019,"6","Invertebrate","Palinuridae","Panulirus","interruptus","PAIN","California spiny lobster ",2,1,"Dume Cove",7,"MPA"
"296","DUCO","DUCO_23Oct19_bruv6",2019-10-23,23,10,2019,"6","Actinopterygii","Serranidae","Paralabrax","clathratus","PACL","Kelp bass",2,1,"Dume Cove",7,"MPA"
"297","DUCO","DUCO_23Oct19_bruv6",2019-10-23,23,10,2019,"6","Elasmobranchii","Triakidae","Triakis","semifasciata","TRSE","Leopard shark",1,1,"Dume Cove",7,"MPA"
"298","LECA","LECA_19Aug19_bruv1",2019-08-19,19,8,2019,"1","Actinopterygii","Atherinopsidae","Atherinops","affinis","ATAF","Topsmelt",3,0,"Leo Carrillo",8,"Reference"
"299","LECA","LECA_19Aug19_bruv1",2019-08-19,19,8,2019,"1","Elasmobranchii","Platyrhinidae","Platyrhinoidis","triserata","PLTR","Thornback guitarfish",1,0,"Leo Carrillo",8,"Reference"
"300","LECA","LECA_19Aug19_bruv3",2019-08-19,19,8,2019,"3","Actinopterygii","Atherinopsidae","Atherinops","affinis","ATAF","Topsmelt",3,0,"Leo Carrillo",8,"Reference"
"301","LECA","LECA_19Aug19_bruv3",2019-08-19,19,8,2019,"3","Invertebrate","Cancridae","Cancer","","CANC","Crab",1,0,"Leo Carrillo",8,"Reference"
"302","LECA","LECA_19Aug19_bruv3",2019-08-19,19,8,2019,"3","Actinopterygii","Embiotocidae","Hyperprosopon","argenteum","HYAR","Walleye surfperch",1,0,"Leo Carrillo",8,"Reference"
"303","LECA","LECA_19Aug19_bruv3",2019-08-19,19,8,2019,"3","Elasmobranchii","Myliobatidae","Myliobatis","californica","MYCA","Bat ray",1,0,"Leo Carrillo",8,"Reference"
"304","LECA","LECA_19Aug19_bruv3",2019-08-19,19,8,2019,"3","Elasmobranchii","Triakidae","Triakis","semifasciata","TRSE","Leopard shark",1,0,"Leo Carrillo",8,"Reference"
"305","LECA","LECA_19Aug19_bruv6",2019-08-19,19,8,2019,"6","Actinopterygii","Atherinopsidae","","","ATHE","Unknown Silverside",1,0,"Leo Carrillo",8,"Reference"
"306","LECA","LECA_19Aug19_bruv6",2019-08-19,19,8,2019,"6","Actinopterygii","Embiotocidae","Amphistichus","argenteus","AMAR","Barred surfperch",3,0,"Leo Carrillo",8,"Reference"
"307","LECA","LECA_19Aug19_bruv6",2019-08-19,19,8,2019,"6","Elasmobranchii","Platyrhinidae","Platyrhinoidis","triserata","PLTR","Thornback guitarfish",1,0,"Leo Carrillo",8,"Reference"
"308","LECA","LECA_19Aug19_bruv6",2019-08-19,19,8,2019,"6","Actinopterygii","Sciaenidae","Umbrina","roncador","UMRO","Yellowfin croaker",1,0,"Leo Carrillo",8,"Reference"
"309","LECA","LECA_19Aug19_bruv6",2019-08-19,19,8,2019,"6","Elasmobranchii","Triakidae","Triakis","semifasciata","TRSE","Leopard shark",1,0,"Leo Carrillo",8,"Reference"
"310","LECA","LECA_17Sep19_bruv1",2019-09-17,17,9,2019,"1",NA,"Embiotocidae","","",NA,NA,1,0,"Leo Carrillo",8,"Reference"
"311","LECA","LECA_17Sep19_bruv1",2019-09-17,17,9,2019,"1","Elasmobranchii","Heterodontidae","Heterodontus","francisci","HEFR","Horn shark",1,0,"Leo Carrillo",8,"Reference"
"312","LECA","LECA_17Sep19_bruv1",2019-09-17,17,9,2019,"1","Elasmobranchii","Myliobatidae","Myliobatis","californica","MYCA","Bat ray",1,0,"Leo Carrillo",8,"Reference"
"313","LECA","LECA_17Sep19_bruv1",2019-09-17,17,9,2019,"1","Elasmobranchii","Platyrhinidae","Platyrhinoidis","triserata","PLTR","Thornback guitarfish",1,0,"Leo Carrillo",8,"Reference"
"314","LECA","LECA_17Sep19_bruv1",2019-09-17,17,9,2019,"1","Actinopterygii","Sciaenidae","Umbrina","roncador","UMRO","Yellowfin croaker",3,0,"Leo Carrillo",8,"Reference"
"315","LECA","LECA_17Sep19_bruv3",2019-09-17,17,9,2019,"3","Actinopterygii","Atherinopsidae","","","ATHE","Unknown Silverside",1,0,"Leo Carrillo",8,"Reference"
"316","LECA","LECA_17Sep19_bruv3",2019-09-17,17,9,2019,"3",NA,"Embiotocidae","","",NA,NA,1,0,"Leo Carrillo",8,"Reference"
"317","LECA","LECA_17Sep19_bruv3",2019-09-17,17,9,2019,"3","Actinopterygii","Embiotocidae","Amphistichus","argenteus","AMAR","Barred surfperch",2,0,"Leo Carrillo",8,"Reference"
"318","LECA","LECA_17Sep19_bruv3",2019-09-17,17,9,2019,"3","Elasmobranchii","Myliobatidae","Myliobatis","californica","MYCA","Bat ray",1,0,"Leo Carrillo",8,"Reference"
"319","LECA","LECA_17Sep19_bruv3",2019-09-17,17,9,2019,"3","Elasmobranchii","Platyrhinidae","Platyrhinoidis","triserata","PLTR","Thornback guitarfish",1,0,"Leo Carrillo",8,"Reference"
"320","LECA","LECA_17Sep19_bruv3",2019-09-17,17,9,2019,"3","Elasmobranchii","Rhinobatidae","Rhinobatos","productus","RHPR","Shovelnose guitarfish",1,0,"Leo Carrillo",8,"Reference"
"321","LECA","LECA_17Sep19_bruv3",2019-09-17,17,9,2019,"3","Actinopterygii","Sciaenidae","Menticirrhus","undulatus","MEUN","California corbina",1,0,"Leo Carrillo",8,"Reference"
"322","LECA","LECA_17Sep19_bruv3",2019-09-17,17,9,2019,"3","Elasmobranchii","Urotrygonidae","Urobatis","halleri","URHA","Round stingray",1,0,"Leo Carrillo",8,"Reference"
"323","LECA","LECA_17Sep19_bruv6",2019-09-17,17,9,2019,"6",NA,"Cancridae","Cancer","sp",NA,NA,1,0,"Leo Carrillo",8,"Reference"
"324","LECA","LECA_17Sep19_bruv6",2019-09-17,17,9,2019,"6","Elasmobranchii","Rhinobatidae","Rhinobatos","productus","RHPR","Shovelnose guitarfish",1,0,"Leo Carrillo",8,"Reference"
"325","LECA","LECA_17Sep19_bruv6",2019-09-17,17,9,2019,"6","Actinopterygii","Sciaenidae","Umbrina","roncador","UMRO","Yellowfin croaker",5,0,"Leo Carrillo",8,"Reference"
"326","LECA","LECA_17Sep19_bruv6",2019-09-17,17,9,2019,"6","Elasmobranchii","Triakidae","Triakis","semifasciata","TRSE","Leopard shark",1,0,"Leo Carrillo",8,"Reference"
"327","LECA","LECA_17Sep19_bruv6",2019-09-17,17,9,2019,"6","Elasmobranchii","Urotrygonidae","Urobatis","halleri","URHA","Round stingray",1,0,"Leo Carrillo",8,"Reference"
"328","LECA","LECA_09Oct19_bruv1",2019-10-09,9,10,2019,"1","Actinopterygii","Embiotocidae","Amphistichus","argenteus","AMAR","Barred surfperch",1,0,"Leo Carrillo",8,"Reference"
"329","LECA","LECA_09Oct19_bruv1",2019-10-09,9,10,2019,"1","Actinopterygii","Embiotocidae","Hyperprosopon","argenteum","HYAR","Walleye surfperch",17,0,"Leo Carrillo",8,"Reference"
"330","LECA","LECA_09Oct19_bruv1",2019-10-09,9,10,2019,"1","Elasmobranchii","Myliobatidae","Myliobatis","californica","MYCA","Bat ray",1,0,"Leo Carrillo",8,"Reference"
"331","LECA","LECA_09Oct19_bruv1",2019-10-09,9,10,2019,"1","Elasmobranchii","Platyrhinidae","Platyrhinoidis","triserata","PLTR","Thornback guitarfish",1,0,"Leo Carrillo",8,"Reference"
"332","LECA","LECA_09Oct19_bruv1",2019-10-09,9,10,2019,"1","Actinopterygii","Sciaenidae","Umbrina","roncador","UMRO","Yellowfin croaker",1,0,"Leo Carrillo",8,"Reference"
"333","LECA","LECA_09Oct19_bruv4",2019-10-09,9,10,2019,"4","Actinopterygii","Atherinopsidae","","","ATHE","Unknown Silverside",1,0,"Leo Carrillo",8,"Reference"
"334","LECA","LECA_09Oct19_bruv4",2019-10-09,9,10,2019,"4",NA,"Cancridae","Cancer","sp",NA,NA,1,0,"Leo Carrillo",8,"Reference"
"335","LECA","LECA_09Oct19_bruv4",2019-10-09,9,10,2019,"4","Actinopterygii","Embiotocidae","Amphistichus","argenteus","AMAR","Barred surfperch",3,0,"Leo Carrillo",8,"Reference"
"336","LECA","LECA_09Oct19_bruv4",2019-10-09,9,10,2019,"4","Elasmobranchii","Myliobatidae","Myliobatis","californica","MYCA","Bat ray",1,0,"Leo Carrillo",8,"Reference"
"337","LECA","LECA_09Oct19_bruv4",2019-10-09,9,10,2019,"4","Actinopterygii","Sciaenidae","Menticirrhus","undulatus","MEUN","California corbina",1,0,"Leo Carrillo",8,"Reference"
"338","LECA","LECA_09Oct19_bruv4",2019-10-09,9,10,2019,"4","Actinopterygii","Sciaenidae","Umbrina","roncador","UMRO","Yellowfin croaker",2,0,"Leo Carrillo",8,"Reference"
"339","LECA","LECA_09Oct19_bruv4",2019-10-09,9,10,2019,"4","Elasmobranchii","Triakidae","Triakis","semifasciata","TRSE","Leopard shark",1,0,"Leo Carrillo",8,"Reference"
"340","LECA","LECA_09Oct19_bruv4",2019-10-09,9,10,2019,"4","Elasmobranchii","Urotrygonidae","Urobatis","halleri","URHA","Round stingray",1,0,"Leo Carrillo",8,"Reference"
"341","LECA","LECA_09Oct19_bruv6",2019-10-09,9,10,2019,"6","Actinopterygii","Atherinopsidae","","","ATHE","Unknown Silverside",1,0,"Leo Carrillo",8,"Reference"
"342","LECA","LECA_09Oct19_bruv6",2019-10-09,9,10,2019,"6","Actinopterygii","Embiotocidae","Amphistichus","argenteus","AMAR","Barred surfperch",5,0,"Leo Carrillo",8,"Reference"
"343","LECA","LECA_09Oct19_bruv6",2019-10-09,9,10,2019,"6","Elasmobranchii","Heterodontidae","Heterodontus","francisci","HEFR","Horn shark",1,0,"Leo Carrillo",8,"Reference"
"344","LECA","LECA_09Oct19_bruv6",2019-10-09,9,10,2019,"6","Actinopterygii","Sciaenidae","Umbrina","roncador","UMRO","Yellowfin croaker",1,0,"Leo Carrillo",8,"Reference"
"345","LECA","LECA_09Oct19_bruv6",2019-10-09,9,10,2019,"6","Elasmobranchii","Triakidae","Triakis","semifasciata","TRSE","Leopard shark",2,0,"Leo Carrillo",8,"Reference"
"346","SLHO","SLHO_22Aug19_bruv1",2019-08-22,22,8,2019,"1",NA,"Phalacrocoracidae","Phalacrocorax","sp",NA,NA,1,1,"Sleepy Hollow",9,"MPA"
"347","SLHO","SLHO_22Aug19_bruv1",2019-08-22,22,8,2019,"1","Elasmobranchii","Platyrhinidae","Platyrhinoidis","triserata","PLTR","Thornback guitarfish",1,1,"Sleepy Hollow",9,"MPA"
"348","SLHO","SLHO_22Aug19_bruv1",2019-08-22,22,8,2019,"1","Elasmobranchii","Rhinobatidae","Rhinobatos","productus","RHPR","Shovelnose guitarfish",2,1,"Sleepy Hollow",9,"MPA"
"349","SLHO","SLHO_22Aug19_bruv1",2019-08-22,22,8,2019,"1","Actinopterygii","Sciaenidae","Menticirrhus","undulatus","MEUN","California corbina",1,1,"Sleepy Hollow",9,"MPA"
"350","SLHO","SLHO_22Aug19_bruv1",2019-08-22,22,8,2019,"1","Elasmobranchii","Urotrygonidae","Urobatis","halleri","URHA","Round stingray",1,1,"Sleepy Hollow",9,"MPA"
"351","SLHO","SLHO_22Aug19_bruv3",2019-08-22,22,8,2019,"3",NA,"","","",NA,NA,3,1,"Sleepy Hollow",9,"MPA"
"352","SLHO","SLHO_22Aug19_bruv3",2019-08-22,22,8,2019,"3","Elasmobranchii","Platyrhinidae","Platyrhinoidis","triserata","PLTR","Thornback guitarfish",1,1,"Sleepy Hollow",9,"MPA"
"353","SLHO","SLHO_22Aug19_bruv3",2019-08-22,22,8,2019,"3","Actinopterygii","Sciaenidae","Umbrina","roncador","UMRO","Yellowfin croaker",1,1,"Sleepy Hollow",9,"MPA"
"354","SLHO","SLHO_22Aug19_bruv3",2019-08-22,22,8,2019,"3","Actinopterygii","Serranidae","Paralabrax","clathratus","PACL","Kelp bass",4,1,"Sleepy Hollow",9,"MPA"
"355","SLHO","SLHO_22Aug19_bruv3",2019-08-22,22,8,2019,"3","Elasmobranchii","Triakidae","Triakis","semifasciata","TRSE","Leopard shark",1,1,"Sleepy Hollow",9,"MPA"
"356","SLHO","SLHO_22Aug19_bruv3",2019-08-22,22,8,2019,"3","Elasmobranchii","Urotrygonidae","Urobatis","halleri","URHA","Round stingray",1,1,"Sleepy Hollow",9,"MPA"
"357","SLHO","SLHO_22Aug19_bruv6",2019-08-22,22,8,2019,"6",NA,"","","",NA,NA,1,1,"Sleepy Hollow",9,"MPA"
"358","SLHO","SLHO_22Aug19_bruv6",2019-08-22,22,8,2019,"6","Actinopterygii","Sciaenidae","Menticirrhus","undulatus","MEUN","California corbina",2,1,"Sleepy Hollow",9,"MPA"
"359","SLHO","SLHO_22Aug19_bruv6",2019-08-22,22,8,2019,"6","Actinopterygii","Sciaenidae","Roncador","stearnsii","ROST","Spotfin croaker",11,1,"Sleepy Hollow",9,"MPA"
"360","SLHO","SLHO_22Aug19_bruv6",2019-08-22,22,8,2019,"6","Actinopterygii","Sciaenidae","Umbrina","roncador","UMRO","Yellowfin croaker",130,1,"Sleepy Hollow",9,"MPA"
"361","SLHO","SLHO_22Aug19_bruv6",2019-08-22,22,8,2019,"6","Elasmobranchii","Triakidae","Triakis","semifasciata","TRSE","Leopard shark",1,1,"Sleepy Hollow",9,"MPA"
"362","SLHO","SLHO_22Aug19_bruv6",2019-08-22,22,8,2019,"6","Elasmobranchii","Urotrygonidae","Urobatis","halleri","URHA","Round stingray",1,1,"Sleepy Hollow",9,"MPA"
"363","SLHO","SLHO_18Sep19_bruv1",2019-09-18,18,9,2019,"1",NA,"Atherinopsidae","Atherinops","",NA,NA,1,1,"Sleepy Hollow",9,"MPA"
"364","SLHO","SLHO_18Sep19_bruv1",2019-09-18,18,9,2019,"1","Elasmobranchii","Myliobatidae","Myliobatis","californica","MYCA","Bat ray",1,1,"Sleepy Hollow",9,"MPA"
"365","SLHO","SLHO_18Sep19_bruv1",2019-09-18,18,9,2019,"1","Elasmobranchii","Platyrhinidae","Platyrhinoidis","triserata","PLTR","Thornback guitarfish",1,1,"Sleepy Hollow",9,"MPA"
"366","SLHO","SLHO_18Sep19_bruv1",2019-09-18,18,9,2019,"1","Elasmobranchii","Rhinobatidae","Rhinobatos","productus","RHPR","Shovelnose guitarfish",1,1,"Sleepy Hollow",9,"MPA"
"367","SLHO","SLHO_18Sep19_bruv1",2019-09-18,18,9,2019,"1","Actinopterygii","Serranidae","Paralabrax","clathratus","PACL","Kelp bass",10,1,"Sleepy Hollow",9,"MPA"
"368","SLHO","SLHO_18Sep19_bruv1",2019-09-18,18,9,2019,"1","Actinopterygii","Serranidae","Paralabrax","nebulifer","PANE","Barred sand bass",1,1,"Sleepy Hollow",9,"MPA"
"369","SLHO","SLHO_18Sep19_bruv1",2019-09-18,18,9,2019,"1","Elasmobranchii","Urotrygonidae","Urobatis","halleri","URHA","Round stingray",1,1,"Sleepy Hollow",9,"MPA"
"370","SLHO","SLHO_18Sep19_bruv3",2019-09-18,18,9,2019,"3",NA,"","","",NA,NA,50,1,"Sleepy Hollow",9,"MPA"
"371","SLHO","SLHO_18Sep19_bruv3",2019-09-18,18,9,2019,"3","Actinopterygii","Embiotocidae","Embiotoca","jacksoni","EMJA","Black perch",1,1,"Sleepy Hollow",9,"MPA"
"372","SLHO","SLHO_18Sep19_bruv3",2019-09-18,18,9,2019,"3","Actinopterygii","Haemulidae","Anisotremus","davidsonii","ANDA","Sargo",1,1,"Sleepy Hollow",9,"MPA"
"373","SLHO","SLHO_18Sep19_bruv3",2019-09-18,18,9,2019,"3","Actinopterygii","Kyphosidae","Girella","nigricans","GINI","Opaleye",1,1,"Sleepy Hollow",9,"MPA"
"374","SLHO","SLHO_18Sep19_bruv3",2019-09-18,18,9,2019,"3","Actinopterygii","Kyphosidae","Kyphosus","azureus","KYAZ","Zebra perch",1,1,"Sleepy Hollow",9,"MPA"
"375","SLHO","SLHO_18Sep19_bruv3",2019-09-18,18,9,2019,"3","Actinopterygii","Labridae","Halichoeres","semicinctus","HASE","Rock wrasse",2,1,"Sleepy Hollow",9,"MPA"
"376","SLHO","SLHO_18Sep19_bruv3",2019-09-18,18,9,2019,"3","Actinopterygii","Labridae","Semicossyphus","pulcher","SEPU","California sheephead",1,1,"Sleepy Hollow",9,"MPA"
"377","SLHO","SLHO_18Sep19_bruv3",2019-09-18,18,9,2019,"3","Actinopterygii","Muraenidae","Gymnothorax","mordax","GYMO","California moray",1,1,"Sleepy Hollow",9,"MPA"
"378","SLHO","SLHO_18Sep19_bruv3",2019-09-18,18,9,2019,"3","Elasmobranchii","Myliobatidae","Myliobatis","californica","MYCA","Bat ray",1,1,"Sleepy Hollow",9,"MPA"
"379","SLHO","SLHO_18Sep19_bruv3",2019-09-18,18,9,2019,"3","Elasmobranchii","Rhinobatidae","Rhinobatos","productus","RHPR","Shovelnose guitarfish",1,1,"Sleepy Hollow",9,"MPA"
"380","SLHO","SLHO_18Sep19_bruv3",2019-09-18,18,9,2019,"3","Actinopterygii","Sciaenidae","Seriphus","politus","SEPO","Queenfish",92,1,"Sleepy Hollow",9,"MPA"
"381","SLHO","SLHO_18Sep19_bruv3",2019-09-18,18,9,2019,"3","Actinopterygii","Serranidae","Paralabrax","clathratus","PACL","Kelp bass",8,1,"Sleepy Hollow",9,"MPA"
"382","SLHO","SLHO_18Sep19_bruv3",2019-09-18,18,9,2019,"3","Actinopterygii","Serranidae","Paralabrax","nebulifer","PANE","Barred sand bass",1,1,"Sleepy Hollow",9,"MPA"
"383","SLHO","SLHO_18Sep19_bruv3",2019-09-18,18,9,2019,"3","Elasmobranchii","Urotrygonidae","Urobatis","halleri","URHA","Round stingray",1,1,"Sleepy Hollow",9,"MPA"
"384","SLHO","SLHO_18Sep19_bruv6",2019-09-18,18,9,2019,"6","Actinopterygii","Atherinopsidae","","","ATHE","Unknown Silverside",1,1,"Sleepy Hollow",9,"MPA"
"385","SLHO","SLHO_18Sep19_bruv6",2019-09-18,18,9,2019,"6","Elasmobranchii","Myliobatidae","Myliobatis","californica","MYCA","Bat ray",1,1,"Sleepy Hollow",9,"MPA"
"386","SLHO","SLHO_18Sep19_bruv6",2019-09-18,18,9,2019,"6","Actinopterygii","Paralichthyidae","Citharichthys","sordidus","CISO","Pacific sanddab",1,1,"Sleepy Hollow",9,"MPA"
"387","SLHO","SLHO_18Sep19_bruv6",2019-09-18,18,9,2019,"6","Actinopterygii","Sciaenidae","Umbrina","roncador","UMRO","Yellowfin croaker",50,1,"Sleepy Hollow",9,"MPA"
"388","SLHO","SLHO_18Sep19_bruv6",2019-09-18,18,9,2019,"6","Elasmobranchii","Urotrygonidae","Urobatis","halleri","URHA","Round stingray",2,1,"Sleepy Hollow",9,"MPA"
"389","SLHO","SLHO_07Nov19_bruv1",2019-11-07,7,11,2019,"1","Actinopterygii","Paralichthyidae","Citharichthys","sordidus","CISO","Pacific sanddab",1,1,"Sleepy Hollow",9,"MPA"
"390","SLHO","SLHO_07Nov19_bruv1",2019-11-07,7,11,2019,"1","Actinopterygii","Sciaenidae","Menticirrhus","undulatus","MEUN","California corbina",1,1,"Sleepy Hollow",9,"MPA"
"391","SLHO","SLHO_07Nov19_bruv1",2019-11-07,7,11,2019,"1","Actinopterygii","Sciaenidae","Roncador","stearnsii","ROST","Spotfin croaker",4,1,"Sleepy Hollow",9,"MPA"
"392","SLHO","SLHO_07Nov19_bruv1",2019-11-07,7,11,2019,"1","Actinopterygii","Serranidae","Paralabrax","clathratus","PACL","Kelp bass",1,1,"Sleepy Hollow",9,"MPA"
"393","SLHO","SLHO_07Nov19_bruv1",2019-11-07,7,11,2019,"1","Elasmobranchii","Urotrygonidae","Urobatis","halleri","URHA","Round stingray",1,1,"Sleepy Hollow",9,"MPA"
"394","SLHO","SLHO_07Nov19_bruv3",2019-11-07,7,11,2019,"3",NA,"","","",NA,NA,1,1,"Sleepy Hollow",9,"MPA"
"395","SLHO","SLHO_07Nov19_bruv3",2019-11-07,7,11,2019,"3","Actinopterygii","Kyphosidae","Hermosilla","azurea","KYAZ","Zebra perch",1,1,"Sleepy Hollow",9,"MPA"
"396","SLHO","SLHO_07Nov19_bruv3",2019-11-07,7,11,2019,"3","Actinopterygii","Kyphosidae","Medialuna","californiensis","MECA","Halfmoon",2,1,"Sleepy Hollow",9,"MPA"
"397","SLHO","SLHO_07Nov19_bruv3",2019-11-07,7,11,2019,"3","Actinopterygii","Labridae","Halichoeres","semicinctus","HASE","Rock wrasse",1,1,"Sleepy Hollow",9,"MPA"
"398","SLHO","SLHO_07Nov19_bruv3",2019-11-07,7,11,2019,"3","Actinopterygii","Labridae","Semicossyphus","pulcher","SEPU","California sheephead",1,1,"Sleepy Hollow",9,"MPA"
"399","SLHO","SLHO_07Nov19_bruv3",2019-11-07,7,11,2019,"3","Actinopterygii","Muraenidae","Gymnothorax","mordax","GYMO","California moray",1,1,"Sleepy Hollow",9,"MPA"
"400","SLHO","SLHO_07Nov19_bruv3",2019-11-07,7,11,2019,"3","Actinopterygii","Serranidae","Paralabrax","clathratus","PACL","Kelp bass",12,1,"Sleepy Hollow",9,"MPA"
"401","SLHO","SLHO_07Nov19_bruv3",2019-11-07,7,11,2019,"3","Actinopterygii","Serranidae","Paralabrax","nebulifer","PANE","Barred sand bass",2,1,"Sleepy Hollow",9,"MPA"
"402","SLHO","SLHO_07Nov19_bruv6",2019-11-07,7,11,2019,"6","Invertebrate","Blepharipodidae","Blepharipoda","occidentalis","BLOC","Spiny sand crab",1,1,"Sleepy Hollow",9,"MPA"
"403","SLHO","SLHO_07Nov19_bruv6",2019-11-07,7,11,2019,"6",NA,"Nassariidae","Nassarius","sp",NA,NA,18,1,"Sleepy Hollow",9,"MPA"
"404","SLHO","SLHO_07Nov19_bruv6",2019-11-07,7,11,2019,"6","Invertebrate","Olividae","Callianax","biplicata","CABI","Purple olive shell",1,1,"Sleepy Hollow",9,"MPA"
"405","SLHO","SLHO_07Nov19_bruv6",2019-11-07,7,11,2019,"6","Actinopterygii","Paralichthyidae","Citharichthys","stigmaeus","CIST","Speckled sanddab",1,1,"Sleepy Hollow",9,"MPA"
"406","STBE","STBE_21Aug19_bruv1",2019-08-21,21,8,2019,"1",NA,"Cancridae","Cancer","sp",NA,NA,1,0,"Strands",10,"Reference"
"407","STBE","STBE_21Aug19_bruv1",2019-08-21,21,8,2019,"1","Elasmobranchii","Myliobatidae","Myliobatis","californica","MYCA","Bat ray",1,0,"Strands",10,"Reference"
"408","STBE","STBE_21Aug19_bruv1",2019-08-21,21,8,2019,"1","Elasmobranchii","Triakidae","Triakis","semifasciata","TRSE","Leopard shark",2,0,"Strands",10,"Reference"
"409","STBE","STBE_21Aug19_bruv3",2019-08-21,21,8,2019,"3","Actinopterygii","Serranidae","Paralabrax","clathratus","PACL","Kelp bass",1,0,"Strands",10,"Reference"
"410","STBE","STBE_21Aug19_bruv3",2019-08-21,21,8,2019,"3","Elasmobranchii","Triakidae","Triakis","semifasciata","TRSE","Leopard shark",1,0,"Strands",10,"Reference"
"411","STBE","STBE_21Aug19_bruv6",2019-08-21,21,8,2019,"6","Elasmobranchii","Triakidae","Triakis","semifasciata","TRSE","Leopard shark",1,0,"Strands",10,"Reference"
"412","STBE","STBE_19Sep19_bruv1",2019-09-19,19,9,2019,"1","Actinopterygii","Kyphosidae","Hermosilla","azurea","KYAZ","Zebra perch",6,0,"Strands",10,"Reference"
"413","STBE","STBE_19Sep19_bruv1",2019-09-19,19,9,2019,"1","Actinopterygii","Sciaenidae","Atractoscion","nobilis","ATNO","White seabass",1,0,"Strands",10,"Reference"
"414","STBE","STBE_19Sep19_bruv1",2019-09-19,19,9,2019,"1","Actinopterygii","Sciaenidae","Menticirrhus","undulatus","MEUN","California corbina",1,0,"Strands",10,"Reference"
"415","STBE","STBE_19Sep19_bruv1",2019-09-19,19,9,2019,"1","Actinopterygii","Sciaenidae","Roncador","stearnsii","ROST","Spotfin croaker",4,0,"Strands",10,"Reference"
"416","STBE","STBE_19Sep19_bruv1",2019-09-19,19,9,2019,"1","Actinopterygii","Sciaenidae","Umbrina","roncador","UMRO","Yellowfin croaker",5,0,"Strands",10,"Reference"
"417","STBE","STBE_19Sep19_bruv1",2019-09-19,19,9,2019,"1",NA,"Triakidae","Mustelus","sp",NA,NA,1,0,"Strands",10,"Reference"
"418","STBE","STBE_19Sep19_bruv1",2019-09-19,19,9,2019,"1","Elasmobranchii","Triakidae","Triakis","semifasciata","TRSE","Leopard shark",4,0,"Strands",10,"Reference"
"419","STBE","STBE_19Sep19_bruv1",2019-09-19,19,9,2019,"1","Elasmobranchii","Urotrygonidae","Urobatis","halleri","URHA","Round stingray",1,0,"Strands",10,"Reference"
"420","STBE","STBE_19Sep19_bruv3",2019-09-19,19,9,2019,"3",NA,"","","",NA,NA,1,0,"Strands",10,"Reference"
"421","STBE","STBE_19Sep19_bruv3",2019-09-19,19,9,2019,"3","Actinopterygii","Atherinopsidae","","","ATHE","Unknown Silverside",4,0,"Strands",10,"Reference"
"422","STBE","STBE_19Sep19_bruv3",2019-09-19,19,9,2019,"3","Actinopterygii","Kyphosidae","Girella","nigricans","GINI","Opaleye",1,0,"Strands",10,"Reference"
"423","STBE","STBE_19Sep19_bruv3",2019-09-19,19,9,2019,"3","Actinopterygii","Kyphosidae","Kyphosus","azureus","KYAZ","Zebra perch",1,0,"Strands",10,"Reference"
"424","STBE","STBE_19Sep19_bruv3",2019-09-19,19,9,2019,"3","Actinopterygii","Labridae","Semicossyphus","pulcher","SEPU","California sheephead",1,0,"Strands",10,"Reference"
"425","STBE","STBE_19Sep19_bruv3",2019-09-19,19,9,2019,"3","Elasmobranchii","Myliobatidae","Myliobatis","californica","MYCA","Bat ray",1,0,"Strands",10,"Reference"
"426","STBE","STBE_19Sep19_bruv3",2019-09-19,19,9,2019,"3","Actinopterygii","Serranidae","Paralabrax","clathratus","PACL","Kelp bass",4,0,"Strands",10,"Reference"
"427","STBE","STBE_19Sep19_bruv3",2019-09-19,19,9,2019,"3","Elasmobranchii","Triakidae","Triakis","semifasciata","TRSE","Leopard shark",1,0,"Strands",10,"Reference"
"428","STBE","STBE_19Sep19_bruv3",2019-09-19,19,9,2019,"3","Elasmobranchii","Urotrygonidae","Urobatis","halleri","URHA","Round stingray",1,0,"Strands",10,"Reference"
"429","STBE","STBE_19Sep19_bruv6_data",2019-09-19,19,9,2019,"6","Actinopterygii","Kyphosidae","Girella","nigricans","GINI","Opaleye",3,0,"Strands",10,"Reference"
"430","STBE","STBE_19Sep19_bruv6_data",2019-09-19,19,9,2019,"6","Actinopterygii","Kyphosidae","Kyphosus","azureus","KYAZ","Zebra perch",2,0,"Strands",10,"Reference"
"431","STBE","STBE_19Sep19_bruv6_data",2019-09-19,19,9,2019,"6","Actinopterygii","Sciaenidae","Roncador","stearnsii","ROST","Spotfin croaker",1,0,"Strands",10,"Reference"
"432","STBE","STBE_19Sep19_bruv6_data",2019-09-19,19,9,2019,"6","Actinopterygii","Serranidae","Paralabrax","clathratus","PACL","Kelp bass",1,0,"Strands",10,"Reference"
"433","STBE","STBE_19Sep19_bruv6_data",2019-09-19,19,9,2019,"6","Actinopterygii","Serranidae","Paralabrax","nebulifer","PANE","Barred sand bass",2,0,"Strands",10,"Reference"
"434","STBE","STBE_19Sep19_bruv6_data",2019-09-19,19,9,2019,"6","Elasmobranchii","Triakidae","Triakis","semifasciata","TRSE","Leopard shark",2,0,"Strands",10,"Reference"
"435","STBE","STBE_19Sep19_bruv6_data",2019-09-19,19,9,2019,"6","Elasmobranchii","Urotrygonidae","Urobatis","halleri","URHA","Round stingray",1,0,"Strands",10,"Reference"
"436","STBE","STBE_08Nov19_bruv1",2019-11-08,8,11,2019,"1","Actinopterygii","Atherinopsidae","Atherinops","affinis","ATAF","Topsmelt",1,0,"Strands",10,"Reference"
"437","STBE","STBE_08Nov19_bruv1",2019-11-08,8,11,2019,"1","Actinopterygii","Labridae","Semicossyphus","pulcher","SEPU","California sheephead",1,0,"Strands",10,"Reference"
"438","STBE","STBE_08Nov19_bruv1",2019-11-08,8,11,2019,"1","Elasmobranchii","Myliobatidae","Myliobatis","californica","MYCA","Bat ray",1,0,"Strands",10,"Reference"
"439","STBE","STBE_08Nov19_bruv1",2019-11-08,8,11,2019,"1","Actinopterygii","Serranidae","Paralabrax","clathratus","PACL","Kelp bass",3,0,"Strands",10,"Reference"
"440","STBE","STBE_08Nov19_bruv1",2019-11-08,8,11,2019,"1","Actinopterygii","Serranidae","Paralabrax","nebulifer","PANE","Barred sand bass",1,0,"Strands",10,"Reference"
"441","STBE","STBE_08Nov19_bruv1",2019-11-08,8,11,2019,"1","Elasmobranchii","Triakidae","Triakis","semifasciata","TRSE","Leopard shark",1,0,"Strands",10,"Reference"
"442","STBE","STBE_08Nov19_bruv1",2019-11-08,8,11,2019,"1","Elasmobranchii","Urotrygonidae","Urobatis","halleri","URHA","Round stingray",1,0,"Strands",10,"Reference"
"443","STBE","STBE_08Nov19_bruv3",2019-11-08,8,11,2019,"3","Actinopterygii","Atherinopsidae","","","ATHE","Unknown Silverside",14,0,"Strands",10,"Reference"
"444","STBE","STBE_08Nov19_bruv3",2019-11-08,8,11,2019,"3","Actinopterygii","Kyphosidae","Hermosilla","azurea","KYAZ","Zebra perch",1,0,"Strands",10,"Reference"
"445","STBE","STBE_08Nov19_bruv3",2019-11-08,8,11,2019,"3","Actinopterygii","Labridae","Semicossyphus","pulcher","SEPU","California sheephead",1,0,"Strands",10,"Reference"
"446","STBE","STBE_08Nov19_bruv3",2019-11-08,8,11,2019,"3","Actinopterygii","Serranidae","Paralabrax","clathratus","PACL","Kelp bass",6,0,"Strands",10,"Reference"
"447","STBE","STBE_08Nov19_bruv5",2019-11-08,8,11,2019,"5","Actinopterygii","Sciaenidae","Menticirrhus","undulatus","MEUN","California corbina",1,0,"Strands",10,"Reference"
"448","STBE","STBE_08Nov19_bruv5",2019-11-08,8,11,2019,"5","Actinopterygii","Serranidae","Paralabrax","clathratus","PACL","Kelp bass",1,0,"Strands",10,"Reference"
"449","STBE","STBE_08Nov19_bruv5",2019-11-08,8,11,2019,"5","Actinopterygii","Serranidae","Paralabrax","nebulifer","PANE","Barred sand bass",1,0,"Strands",10,"Reference"
"450","STBE","STBE_08Nov19_bruv5",2019-11-08,8,11,2019,"5","Elasmobranchii","Triakidae","Triakis","semifasciata","TRSE","Leopard shark",2,0,"Strands",10,"Reference"
"451","STBE","STBE_08Nov19_bruv5",2019-11-08,8,11,2019,"5","Actinopterygii","Sciaenidae","Menticirrhus","undulatus","MEUN","California corbina",1,0,"Strands",10,"Reference"
"452","STBE","STBE_08Nov19_bruv5",2019-11-08,8,11,2019,"5","Actinopterygii","Serranidae","Paralabrax","clathratus","PACL","Kelp bass",1,0,"Strands",10,"Reference"
"453","STBE","STBE_08Nov19_bruv5",2019-11-08,8,11,2019,"5","Actinopterygii","Serranidae","Paralabrax","nebulifer","PANE","Barred sand bass",1,0,"Strands",10,"Reference"
"454","STBE","STBE_08Nov19_bruv5",2019-11-08,8,11,2019,"5","Elasmobranchii","Triakidae","Triakis","semifasciata","TRSE","Leopard shark",2,0,"Strands",10,"Reference"
"455","SCRI","SCRI_29Aug19_bruv1",2019-08-29,29,8,2019,"1",NA,"","","",NA,NA,1,1,"Scripps",11,"MPA"
"456","SCRI","SCRI_29Aug19_bruv1",2019-08-29,29,8,2019,"1","Actinopterygii","Atherinopsidae","Atherinops","affinis","ATAF","Topsmelt",99,1,"Scripps",11,"MPA"
"457","SCRI","SCRI_29Aug19_bruv1",2019-08-29,29,8,2019,"1","Elasmobranchii","Myliobatidae","Myliobatis","californica","MYCA","Bat ray",1,1,"Scripps",11,"MPA"
"458","SCRI","SCRI_29Aug19_bruv1",2019-08-29,29,8,2019,"1","Invertebrate","Palinuridae","Panulirus","interruptus","PAIN","California spiny lobster ",1,1,"Scripps",11,"MPA"
"459","SCRI","SCRI_29Aug19_bruv1",2019-08-29,29,8,2019,"1","Elasmobranchii","Rhinobatidae","Rhinobatos","productus","RHPR","Shovelnose guitarfish",1,1,"Scripps",11,"MPA"
"460","SCRI","SCRI_29Aug19_bruv1",2019-08-29,29,8,2019,"1","Actinopterygii","Sciaenidae","Umbrina","roncador","UMRO","Yellowfin croaker",3,1,"Scripps",11,"MPA"
"461","SCRI","SCRI_29Aug19_bruv1",2019-08-29,29,8,2019,"1","Elasmobranchii","Urotrygonidae","Urobatis","halleri","URHA","Round stingray",3,1,"Scripps",11,"MPA"
"462","SCRI","SCRI_29Aug19_bruv3",2019-08-29,29,8,2019,"3",NA,"","","",NA,NA,1,1,"Scripps",11,"MPA"
"463","SCRI","SCRI_29Aug19_bruv3",2019-08-29,29,8,2019,"3","Actinopterygii","Atherinopsidae","","","ATHE","Unknown Silverside",1,1,"Scripps",11,"MPA"
"464","SCRI","SCRI_29Aug19_bruv3",2019-08-29,29,8,2019,"3","Elasmobranchii","Myliobatidae","Myliobatis","californica","MYCA","Bat ray",1,1,"Scripps",11,"MPA"
"465","SCRI","SCRI_29Aug19_bruv3",2019-08-29,29,8,2019,"3",NA,"Paralichthyidae","","",NA,NA,1,1,"Scripps",11,"MPA"
"466","SCRI","SCRI_29Aug19_bruv3",2019-08-29,29,8,2019,"3","Elasmobranchii","Rhinobatidae","Rhinobatos","productus","RHPR","Shovelnose guitarfish",1,1,"Scripps",11,"MPA"
"467","SCRI","SCRI_29Aug19_bruv3",2019-08-29,29,8,2019,"3",NA,"Sciaenidae","","",NA,NA,1,1,"Scripps",11,"MPA"
"468","SCRI","SCRI_29Aug19_bruv3",2019-08-29,29,8,2019,"3","Actinopterygii","Sciaenidae","Umbrina","roncador","UMRO","Yellowfin croaker",2,1,"Scripps",11,"MPA"
"469","SCRI","SCRI_29Aug19_bruv3",2019-08-29,29,8,2019,"3","Elasmobranchii","Urotrygonidae","Urobatis","halleri","URHA","Round stingray",3,1,"Scripps",11,"MPA"
"470","SCRI","SCRI_29Aug19_bruv6",2019-08-29,29,8,2019,"6","Actinopterygii","Atherinopsidae","","","ATHE","Unknown Silverside",34,1,"Scripps",11,"MPA"
"471","SCRI","SCRI_29Aug19_bruv6",2019-08-29,29,8,2019,"6","Elasmobranchii","Myliobatidae","Myliobatis","californica","MYCA","Bat ray",1,1,"Scripps",11,"MPA"
"472","SCRI","SCRI_29Aug19_bruv6",2019-08-29,29,8,2019,"6","Elasmobranchii","Rhinobatidae","Rhinobatos","productus","RHPR","Shovelnose guitarfish",1,1,"Scripps",11,"MPA"
"473","SCRI","SCRI_29Aug19_bruv6",2019-08-29,29,8,2019,"6","Elasmobranchii","Triakidae","Triakis","semifasciata","TRSE","Leopard shark",1,1,"Scripps",11,"MPA"
"474","SCRI","SCRI_29Aug19_bruv6",2019-08-29,29,8,2019,"6","Elasmobranchii","Urotrygonidae","Urobatis","halleri","URHA","Round stingray",3,1,"Scripps",11,"MPA"
"475","SCRI","SCRI_25Sep19_bruv1",2019-09-25,25,9,2019,"1","Actinopterygii","Atherinopsidae","","","ATHE","Unknown Silverside",33,1,"Scripps",11,"MPA"
"476","SCRI","SCRI_25Sep19_bruv1",2019-09-25,25,9,2019,"1","Elasmobranchii","Myliobatidae","Myliobatis","californica","MYCA","Bat ray",4,1,"Scripps",11,"MPA"
"477","SCRI","SCRI_25Sep19_bruv1",2019-09-25,25,9,2019,"1","Elasmobranchii","Platyrhinidae","Platyrhinoidis","triserata","PLTR","Thornback guitarfish",1,1,"Scripps",11,"MPA"
"478","SCRI","SCRI_25Sep19_bruv1",2019-09-25,25,9,2019,"1","Elasmobranchii","Rhinobatidae","Rhinobatos","productus","RHPR","Shovelnose guitarfish",1,1,"Scripps",11,"MPA"
"479","SCRI","SCRI_25Sep19_bruv1",2019-09-25,25,9,2019,"1","Actinopterygii","Sciaenidae","Menticirrhus","undulatus","MEUN","California corbina",1,1,"Scripps",11,"MPA"
"480","SCRI","SCRI_25Sep19_bruv1",2019-09-25,25,9,2019,"1","Actinopterygii","Sciaenidae","Umbrina","roncador","UMRO","Yellowfin croaker",1,1,"Scripps",11,"MPA"
"481","SCRI","SCRI_25Sep19_bruv1",2019-09-25,25,9,2019,"1","Elasmobranchii","Triakidae","Triakis","semifasciata","TRSE","Leopard shark",1,1,"Scripps",11,"MPA"
"482","SCRI","SCRI_25Sep19_bruv1",2019-09-25,25,9,2019,"1","Elasmobranchii","Urotrygonidae","Urobatis","halleri","URHA","Round stingray",2,1,"Scripps",11,"MPA"
"483","SCRI","SCRI_25Sep19_bruv3",2019-09-25,25,9,2019,"3",NA,"","","",NA,NA,7,1,"Scripps",11,"MPA"
"484","SCRI","SCRI_25Sep19_bruv3",2019-09-25,25,9,2019,"3","Elasmobranchii","Myliobatidae","Myliobatis","californica","MYCA","Bat ray",3,1,"Scripps",11,"MPA"
"485","SCRI","SCRI_25Sep19_bruv3",2019-09-25,25,9,2019,"3","Elasmobranchii","Platyrhinidae","Platyrhinoidis","triserata","PLTR","Thornback guitarfish",1,1,"Scripps",11,"MPA"
"486","SCRI","SCRI_25Sep19_bruv3",2019-09-25,25,9,2019,"3","Actinopterygii","Sciaenidae","Umbrina","roncador","UMRO","Yellowfin croaker",1,1,"Scripps",11,"MPA"
"487","SCRI","SCRI_25Sep19_bruv3",2019-09-25,25,9,2019,"3","Elasmobranchii","Triakidae","Triakis","semifasciata","TRSE","Leopard shark",1,1,"Scripps",11,"MPA"
"488","SCRI","SCRI_25Sep19_bruv3",2019-09-25,25,9,2019,"3","Elasmobranchii","Urotrygonidae","Urobatis","halleri","URHA","Round stingray",3,1,"Scripps",11,"MPA"
"489","SCRI","SCRI_25Sep19_bruv6",2019-09-25,25,9,2019,"6","Actinopterygii","Atherinopsidae","","","ATHE","Unknown Silverside",158,1,"Scripps",11,"MPA"
"490","SCRI","SCRI_25Sep19_bruv6",2019-09-25,25,9,2019,"6","Actinopterygii","Haemulidae","Anisotremus","davidsonii","ANDA","Sargo",1,1,"Scripps",11,"MPA"
"491","SCRI","SCRI_25Sep19_bruv6",2019-09-25,25,9,2019,"6","Elasmobranchii","Myliobatidae","Myliobatis","californica","MYCA","Bat ray",2,1,"Scripps",11,"MPA"
"492","SCRI","SCRI_25Sep19_bruv6",2019-09-25,25,9,2019,"6","Elasmobranchii","Platyrhinidae","Platyrhinoidis","triserata","PLTR","Thornback guitarfish",1,1,"Scripps",11,"MPA"
"493","SCRI","SCRI_25Sep19_bruv6",2019-09-25,25,9,2019,"6","Actinopterygii","Sciaenidae","Menticirrhus","undulatus","MEUN","California corbina",1,1,"Scripps",11,"MPA"
"494","SCRI","SCRI_25Sep19_bruv6",2019-09-25,25,9,2019,"6","Elasmobranchii","Urotrygonidae","Urobatis","halleri","URHA","Round stingray",6,1,"Scripps",11,"MPA"
"495","SCRI","SCRI_25Oct19_bruv1",2019-10-25,25,10,2019,"1","Actinopterygii","Atherinopsidae","","","ATHE","Unknown Silverside",15,1,"Scripps",11,"MPA"
"496","SCRI","SCRI_25Oct19_bruv1",2019-10-25,25,10,2019,"1","Elasmobranchii","Dasyatidae","Dasyatis","dipterura","DADI","Diamond stingray",1,1,"Scripps",11,"MPA"
"497","SCRI","SCRI_25Oct19_bruv1",2019-10-25,25,10,2019,"1","Elasmobranchii","Myliobatidae","Myliobatis","californica","MYCA","Bat ray",3,1,"Scripps",11,"MPA"
"498","SCRI","SCRI_25Oct19_bruv1",2019-10-25,25,10,2019,"1","Elasmobranchii","Rhinobatidae","Rhinobatos","productus","RHPR","Shovelnose guitarfish",1,1,"Scripps",11,"MPA"
"499","SCRI","SCRI_25Oct19_bruv1",2019-10-25,25,10,2019,"1",NA,"Sciaenidae","","",NA,NA,1,1,"Scripps",11,"MPA"
"500","SCRI","SCRI_25Oct19_bruv1",2019-10-25,25,10,2019,"1","Actinopterygii","Sciaenidae","Menticirrhus","undulatus","MEUN","California corbina",2,1,"Scripps",11,"MPA"
"501","SCRI","SCRI_25Oct19_bruv1",2019-10-25,25,10,2019,"1",NA,"Triakidae","Mustelus","sp",NA,NA,1,1,"Scripps",11,"MPA"
"502","SCRI","SCRI_25Oct19_bruv1",2019-10-25,25,10,2019,"1","Elasmobranchii","Triakidae","Triakis","semifasciata","TRSE","Leopard shark",1,1,"Scripps",11,"MPA"
"503","SCRI","SCRI_25Oct19_bruv1",2019-10-25,25,10,2019,"1","Elasmobranchii","Urotrygonidae","Urobatis","halleri","URHA","Round stingray",1,1,"Scripps",11,"MPA"
"504","SCRI","SCRI_25Oct19_bruv3",2019-10-25,25,10,2019,"3","Invertebrate","Blepharipodidae","Blepharipoda","occidentalis","BLOC","Spiny sand crab",1,1,"Scripps",11,"MPA"
"505","SCRI","SCRI_25Oct19_bruv3",2019-10-25,25,10,2019,"3",NA,"Cancridae","Cancer","sp",NA,NA,1,1,"Scripps",11,"MPA"
"506","SCRI","SCRI_25Oct19_bruv3",2019-10-25,25,10,2019,"3","Elasmobranchii","Myliobatidae","Myliobatis","californica","MYCA","Bat ray",2,1,"Scripps",11,"MPA"
"507","SCRI","SCRI_25Oct19_bruv3",2019-10-25,25,10,2019,"3","Invertebrate","Olividae","Callianax","biplicata","CABI","Purple olive shell",1,1,"Scripps",11,"MPA"
"508","SCRI","SCRI_25Oct19_bruv3",2019-10-25,25,10,2019,"3","Actinopterygii","Sciaenidae","Menticirrhus","undulatus","MEUN","California corbina",1,1,"Scripps",11,"MPA"
"509","SCRI","SCRI_25Oct19_bruv3",2019-10-25,25,10,2019,"3","Elasmobranchii","Urotrygonidae","Urobatis","halleri","URHA","Round stingray",1,1,"Scripps",11,"MPA"
"510","SCRI","SCRI_25Oct19_bruv6",2019-10-25,25,10,2019,"6",NA,"Cancridae","Cancer","sp",NA,NA,3,1,"Scripps",11,"MPA"
"511","SCRI","SCRI_25Oct19_bruv6",2019-10-25,25,10,2019,"6","Elasmobranchii","Dasyatidae","Dasyatis","dipterura","DADI","Diamond stingray",1,1,"Scripps",11,"MPA"
"512","SCRI","SCRI_25Oct19_bruv6",2019-10-25,25,10,2019,"6","Actinopterygii","Paralichthyidae","Citharichthys","stigmaeus","CIST","Speckled sanddab",1,1,"Scripps",11,"MPA"
"513","SAEL","SAEL_28Aug19_bruv1",2019-08-28,28,8,2019,"1",NA,"","","",NA,NA,1,0,"San Elijo",12,"Reference"
"514","SAEL","SAEL_28Aug19_bruv1",2019-08-28,28,8,2019,"1","Actinopterygii","Haemulidae","Anisotremus","davidsonii","ANDA","Sargo",1,0,"San Elijo",12,"Reference"
"515","SAEL","SAEL_28Aug19_bruv1",2019-08-28,28,8,2019,"1","Invertebrate","Palinuridae","Panulirus","interruptus","PAIN","California spiny lobster ",1,0,"San Elijo",12,"Reference"
"516","SAEL","SAEL_28Aug19_bruv1",2019-08-28,28,8,2019,"1","Actinopterygii","Sciaenidae","Umbrina","roncador","UMRO","Yellowfin croaker",16,0,"San Elijo",12,"Reference"
"517","SAEL","SAEL_28Aug19_bruv1",2019-08-28,28,8,2019,"1","Elasmobranchii","Triakidae","Mustelus","californicus","MUCA","Grey smooth-hound",1,0,"San Elijo",12,"Reference"
"518","SAEL","SAEL_28Aug19_bruv1",2019-08-28,28,8,2019,"1","Elasmobranchii","Triakidae","Triakis","semifasciata","TRSE","Leopard shark",1,0,"San Elijo",12,"Reference"
"519","SAEL","SAEL_28Aug19_bruv1",2019-08-28,28,8,2019,"1","Elasmobranchii","Urotrygonidae","Urobatis","halleri","URHA","Round stingray",1,0,"San Elijo",12,"Reference"
"520","SAEL","SAEL_28Aug19_bruv3",2019-08-28,28,8,2019,"3","Invertebrate","Palinuridae","Panulirus","interruptus","PAIN","California spiny lobster ",3,0,"San Elijo",12,"Reference"
"521","SAEL","SAEL_28Aug19_bruv3",2019-08-28,28,8,2019,"3","Elasmobranchii","Rhinobatidae","Rhinobatos","productus","RHPR","Shovelnose guitarfish",1,0,"San Elijo",12,"Reference"
"522","SAEL","SAEL_28Aug19_bruv3",2019-08-28,28,8,2019,"3","Actinopterygii","Sciaenidae","Roncador","stearnsii","ROST","Spotfin croaker",1,0,"San Elijo",12,"Reference"
"523","SAEL","SAEL_28Aug19_bruv3",2019-08-28,28,8,2019,"3","Elasmobranchii","Urotrygonidae","Urobatis","halleri","URHA","Round stingray",1,0,"San Elijo",12,"Reference"
"524","SAEL","SAEL_28Aug19_bruv5",2019-08-28,28,8,2019,"5","Actinopterygii","Atherinopsidae","","","ATHE","Unknown Silverside",14,0,"San Elijo",12,"Reference"
"525","SAEL","SAEL_28Aug19_bruv5",2019-08-28,28,8,2019,"5","Actinopterygii","Sciaenidae","Umbrina","roncador","UMRO","Yellowfin croaker",2,0,"San Elijo",12,"Reference"
"526","SAEL","SAEL_28Aug19_bruv5",2019-08-28,28,8,2019,"5","Elasmobranchii","Triakidae","Triakis","semifasciata","TRSE","Leopard shark",1,0,"San Elijo",12,"Reference"
"527","SAEL","SAEL_28Aug19_bruv5",2019-08-28,28,8,2019,"5","Elasmobranchii","Urotrygonidae","Urobatis","halleri","URHA","Round stingray",1,0,"San Elijo",12,"Reference"
"528","SAEL","SAEL_26Sep19_bruv1",2019-09-26,26,9,2019,"1",NA,"","","",NA,NA,2,0,"San Elijo",12,"Reference"
"529","SAEL","SAEL_26Sep19_bruv1",2019-09-26,26,9,2019,"1","Actinopterygii","Embiotocidae","Hyperprosopon","argenteum","HYAR","Walleye surfperch",4,0,"San Elijo",12,"Reference"
"530","SAEL","SAEL_26Sep19_bruv1",2019-09-26,26,9,2019,"1","Invertebrate","Palinuridae","Panulirus","interruptus","PAIN","California spiny lobster ",1,0,"San Elijo",12,"Reference"
"531","SAEL","SAEL_26Sep19_bruv1",2019-09-26,26,9,2019,"1","Elasmobranchii","Platyrhinidae","Platyrhinoidis","triserata","PLTR","Thornback guitarfish",1,0,"San Elijo",12,"Reference"
"532","SAEL","SAEL_26Sep19_bruv1",2019-09-26,26,9,2019,"1","Elasmobranchii","Rhinobatidae","Rhinobatos","productus","RHPR","Shovelnose guitarfish",1,0,"San Elijo",12,"Reference"
"533","SAEL","SAEL_26Sep19_bruv1",2019-09-26,26,9,2019,"1",NA,"Sciaenidae","","",NA,NA,2,0,"San Elijo",12,"Reference"
"534","SAEL","SAEL_26Sep19_bruv1",2019-09-26,26,9,2019,"1","Actinopterygii","Sciaenidae","Umbrina","roncador","UMRO","Yellowfin croaker",26,0,"San Elijo",12,"Reference"
"535","SAEL","SAEL_26Sep19_bruv1",2019-09-26,26,9,2019,"1","Elasmobranchii","Triakidae","Triakis","semifasciata","TRSE","Leopard shark",1,0,"San Elijo",12,"Reference"
"536","SAEL","SAEL_26Sep19_bruv1",2019-09-26,26,9,2019,"1","Elasmobranchii","Urotrygonidae","Urobatis","halleri","URHA","Round stingray",1,0,"San Elijo",12,"Reference"
"537","SAEL","SAEL_26Sep19_bruv3",2019-09-26,26,9,2019,"3",NA,"","","",NA,NA,1,0,"San Elijo",12,"Reference"
"538","SAEL","SAEL_26Sep19_bruv3",2019-09-26,26,9,2019,"3","Actinopterygii","Atherinopsidae","","","ATHE","Unknown Silverside",8,0,"San Elijo",12,"Reference"
"539","SAEL","SAEL_26Sep19_bruv3",2019-09-26,26,9,2019,"3","Elasmobranchii","Myliobatidae","Myliobatis","californica","MYCA","Bat ray",1,0,"San Elijo",12,"Reference"
"540","SAEL","SAEL_26Sep19_bruv3",2019-09-26,26,9,2019,"3","Invertebrate","Palinuridae","Panulirus","interruptus","PAIN","California spiny lobster ",1,0,"San Elijo",12,"Reference"
"541","SAEL","SAEL_26Sep19_bruv3",2019-09-26,26,9,2019,"3","Elasmobranchii","Rhinobatidae","Rhinobatos","productus","RHPR","Shovelnose guitarfish",1,0,"San Elijo",12,"Reference"
"542","SAEL","SAEL_26Sep19_bruv3",2019-09-26,26,9,2019,"3","Actinopterygii","Sciaenidae","Roncador","stearnsii","ROST","Spotfin croaker",1,0,"San Elijo",12,"Reference"
"543","SAEL","SAEL_26Sep19_bruv3",2019-09-26,26,9,2019,"3","Actinopterygii","Sciaenidae","Umbrina","roncador","UMRO","Yellowfin croaker",2,0,"San Elijo",12,"Reference"
"544","SAEL","SAEL_26Sep19_bruv6",2019-09-26,26,9,2019,"6","Actinopterygii","Labridae","Halichoeres","semicinctus","HASE","Rock wrasse",1,0,"San Elijo",12,"Reference"
"545","SAEL","SAEL_26Sep19_bruv6",2019-09-26,26,9,2019,"6","Elasmobranchii","Myliobatidae","Myliobatis","californica","MYCA","Bat ray",1,0,"San Elijo",12,"Reference"
"546","SAEL","SAEL_26Sep19_bruv6",2019-09-26,26,9,2019,"6","Invertebrate","Palinuridae","Panulirus","interruptus","PAIN","California spiny lobster ",1,0,"San Elijo",12,"Reference"
"547","SAEL","SAEL_26Sep19_bruv6",2019-09-26,26,9,2019,"6","Elasmobranchii","Platyrhinidae","Platyrhinoidis","triserata","PLTR","Thornback guitarfish",1,0,"San Elijo",12,"Reference"
"548","SAEL","SAEL_26Sep19_bruv6",2019-09-26,26,9,2019,"6",NA,"Sciaenidae","","",NA,NA,1,0,"San Elijo",12,"Reference"
"549","SAEL","SAEL_26Sep19_bruv6",2019-09-26,26,9,2019,"6","Actinopterygii","Sciaenidae","Menticirrhus","undulatus","MEUN","California corbina",2,0,"San Elijo",12,"Reference"
"550","SAEL","SAEL_26Sep19_bruv6",2019-09-26,26,9,2019,"6","Actinopterygii","Sciaenidae","Seriphus","politus","SEPO","Queenfish",60,0,"San Elijo",12,"Reference"
"551","SAEL","SAEL_26Sep19_bruv6",2019-09-26,26,9,2019,"6","Actinopterygii","Sciaenidae","Umbrina","roncador","UMRO","Yellowfin croaker",73,0,"San Elijo",12,"Reference"
"552","SAEL","SAEL_26Sep19_bruv6",2019-09-26,26,9,2019,"6","Actinopterygii","Serranidae","Paralabrax","nebulifer","PANE","Barred sand bass",1,0,"San Elijo",12,"Reference"
"553","SAEL","SAEL_26Sep19_bruv6",2019-09-26,26,9,2019,"6","Elasmobranchii","Triakidae","Triakis","semifasciata","TRSE","Leopard shark",1,0,"San Elijo",12,"Reference"
"554","SAEL","SAEL_24Oct19_bruv1",2019-10-24,24,10,2019,"1","Actinopterygii","Atherinopsidae","","","ATHE","Unknown Silverside",46,0,"San Elijo",12,"Reference"
"555","SAEL","SAEL_24Oct19_bruv1",2019-10-24,24,10,2019,"1","Elasmobranchii","Myliobatidae","Myliobatis","californica","MYCA","Bat ray",2,0,"San Elijo",12,"Reference"
"556","SAEL","SAEL_24Oct19_bruv1",2019-10-24,24,10,2019,"1","Invertebrate","Palinuridae","Panulirus","interruptus","PAIN","California spiny lobster ",1,0,"San Elijo",12,"Reference"
"557","SAEL","SAEL_24Oct19_bruv1",2019-10-24,24,10,2019,"1","Elasmobranchii","Rhinobatidae","Rhinobatos","productus","RHPR","Shovelnose guitarfish",1,0,"San Elijo",12,"Reference"
"558","SAEL","SAEL_24Oct19_bruv1",2019-10-24,24,10,2019,"1","Elasmobranchii","Triakidae","Triakis","semifasciata","TRSE","Leopard shark",1,0,"San Elijo",12,"Reference"
"559","SAEL","SAEL_24Oct19_bruv1",2019-10-24,24,10,2019,"1","Elasmobranchii","Urotrygonidae","Urobatis","halleri","URHA","Round stingray",1,0,"San Elijo",12,"Reference"
"560","SAEL","SAEL_24Oct19_bruv3",2019-10-24,24,10,2019,"3","Actinopterygii","Atherinopsidae","","","ATHE","Unknown Silverside",103,0,"San Elijo",12,"Reference"
"561","SAEL","SAEL_24Oct19_bruv3",2019-10-24,24,10,2019,"3","Elasmobranchii","Myliobatidae","Myliobatis","californica","MYCA","Bat ray",1,0,"San Elijo",12,"Reference"
"562","SAEL","SAEL_24Oct19_bruv3",2019-10-24,24,10,2019,"3","Actinopterygii","Sciaenidae","Menticirrhus","undulatus","MEUN","California corbina",1,0,"San Elijo",12,"Reference"
"563","SAEL","SAEL_24Oct19_bruv6",2019-10-24,24,10,2019,"6","Elasmobranchii","Myliobatidae","Myliobatis","californica","MYCA","Bat ray",1,0,"San Elijo",12,"Reference"
"564","SAEL","SAEL_24Oct19_bruv6",2019-10-24,24,10,2019,"6","Elasmobranchii","Triakidae","Triakis","semifasciata","TRSE","Leopard shark",1,0,"San Elijo",12,"Reference"
